"Date","Price","Open","High","Low","Vol.","Change %"
"30/09/2025","16.72","17.15","17.24","16.61","8.11M","-2.22%"
"29/09/2025","17.10","17.35","17.46","17.04","7.83M","-1.33%"
"26/09/2025","17.33","17.67","17.79","17.24","7.62M","-1.81%"
"25/09/2025","17.65","18.00","18.09","17.59","7.17M","-1.56%"
"24/09/2025","17.93","18.21","18.30","17.87","8.19M","-1.43%"
"23/09/2025","18.19","18.72","18.72","18.12","11.05M","-2.88%"
"22/09/2025","18.73","18.90","19.20","18.58","23.37M","1.24%"
"19/09/2025","18.50","18.40","18.74","18.16","15.30M","0.71%"
"18/09/2025","18.37","18.79","18.98","18.19","16.02M","-2.18%"
"17/09/2025","18.78","19.55","19.55","18.75","21.45M","-3.94%"
"16/09/2025","19.55","17.85","19.60","17.84","40.05M","9.71%"
"15/09/2025","17.82","16.83","17.92","16.48","14.33M","5.88%"
"12/09/2025","16.83","17.25","17.44","16.62","10.97M","-2.43%"
"11/09/2025","17.25","18.15","18.17","17.25","9.74M","-4.64%"
"10/09/2025","18.09","18.31","18.67","18.04","11.12M","-0.77%"
"09/09/2025","18.23","18.50","18.66","18.08","13.73M","-0.71%"
"08/09/2025","18.36","18.18","19.29","17.80","26.25M","0.60%"
"05/09/2025","18.25","18.72","18.83","18.17","9.50M","-2.25%"
"04/09/2025","18.67","18.82","18.99","18.61","8.93M","-0.69%"
"03/09/2025","18.80","18.80","19.00","18.51","10.63M","-0.11%"
"02/09/2025","18.82","19.88","19.99","18.40","18.64M","-5.28%"
"01/09/2025","19.87","20.40","20.48","19.84","9.24M","-1.83%"
"29/08/2025","20.24","21.40","21.48","19.96","23.22M","1.10%"
"28/08/2025","20.02","20.24","20.50","19.33","20.13M","-0.10%"
"27/08/2025","20.04","19.99","21.00","19.97","25.96M","0.75%"
"26/08/2025","19.89","20.92","21.40","19.69","36.26M","-4.01%"
"25/08/2025","20.72","18.86","20.72","18.86","50.77M","9.98%"
"22/08/2025","18.84","17.96","19.69","17.77","52.96M","4.90%"
"21/08/2025","17.96","18.20","18.25","17.87","14.43M","-0.77%"
"20/08/2025","18.10","18.61","18.70","17.73","24.81M","-2.79%"
"19/08/2025","18.62","18.72","18.84","18.35","16.49M","-0.11%"
"18/08/2025","18.64","19.82","19.90","18.41","22.99M","-5.86%"
"15/08/2025","19.80","19.57","19.96","19.45","12.73M","1.18%"
"14/08/2025","19.57","19.96","20.10","19.51","17.08M","-1.95%"
"13/08/2025","19.96","20.60","21.20","19.84","21.28M","-3.11%"
"12/08/2025","20.60","21.76","21.96","20.32","15.49M","-5.33%"
"11/08/2025","21.76","21.60","22.38","21.02","23.20M","-0.55%"
"08/08/2025","21.88","22.44","22.52","21.82","12.13M","-2.50%"
"07/08/2025","22.44","23.00","23.26","22.40","14.33M","-1.41%"
"06/08/2025","22.76","23.10","23.74","21.80","36.29M","-1.81%"
"05/08/2025","23.18","24.76","26.00","23.18","82.27M","-9.95%"
"04/08/2025","25.74","28.58","28.88","25.74","72.10M","-9.94%"
"01/08/2025","28.58","30.08","31.02","28.58","21.03M","-1.38%"
"31/07/2025","28.98","25.90","28.98","25.02","10.68M","9.94%"
"30/07/2025","26.36","27.90","28.40","25.94","12.53M","-8.54%"
"29/07/2025","28.82","29.00","29.50","28.62","2.48M","-0.62%"
"28/07/2025","29.00","29.62","29.86","28.48","3.18M","-2.03%"
"25/07/2025","29.60","29.70","30.06","29.00","2.93M","-0.27%"
"24/07/2025","29.68","29.90","30.40","29.56","3.30M","-0.74%"
"23/07/2025","29.90","30.10","30.80","29.80","4.03M","-0.66%"
"22/07/2025","30.10","30.54","30.60","29.96","3.47M","-1.44%"
"21/07/2025","30.54","30.52","31.64","30.02","4.87M","0.00%"
"18/07/2025","30.54","30.20","30.92","29.68","4.15M","1.13%"
"17/07/2025","30.20","29.94","30.52","29.22","5.24M","-1.31%"
"16/07/2025","30.60","28.92","31.46","28.34","7.93M","5.81%"
"14/07/2025","28.92","28.00","29.02","27.40","3.58M","3.21%"
"11/07/2025","28.02","28.64","29.24","27.36","4.88M","-3.38%"
"10/07/2025","29.00","30.12","30.28","29.00","2.92M","-3.72%"
"09/07/2025","30.12","30.00","31.02","29.38","4.59M","-1.63%"
"08/07/2025","30.62","28.16","30.80","27.20","7.83M","8.74%"
"07/07/2025","28.16","29.00","29.28","28.12","3.24M","-4.48%"
"04/07/2025","29.48","29.50","29.92","27.16","5.93M","-0.07%"
"03/07/2025","29.50","30.44","30.48","28.92","5.40M","-2.96%"
"02/07/2025","30.40","31.28","31.48","30.30","4.94M","-3.80%"
"01/07/2025","31.60","31.62","32.52","31.00","3.78M","-0.06%"
"30/06/2025","31.62","33.00","33.40","29.14","36.13M","-1.80%"
"27/06/2025","32.20","30.88","33.96","30.86","33.11M","4.27%"
"26/06/2025","30.88","31.36","31.84","30.26","10.84M","-1.53%"
"25/06/2025","31.36","31.42","32.24","30.74","14.34M","-0.19%"
"24/06/2025","31.42","33.18","33.18","30.02","28.82M","-5.36%"
"23/06/2025","33.20","32.00","34.48","32.00","26.35M","3.75%"
"20/06/2025","32.00","35.54","36.52","32.00","22.69M","-9.96%"
"19/06/2025","35.54","37.38","37.46","35.54","20.66M","-4.92%"
"18/06/2025","37.38","40.06","40.50","36.90","42.81M","-3.01%"
"17/06/2025","38.54","35.14","38.54","34.46","40.54M","9.99%"
"16/06/2025","35.04","34.26","36.00","34.14","20.32M","2.28%"
"13/06/2025","34.26","36.36","38.10","34.10","37.55M","-5.72%"
"12/06/2025","36.34","38.24","40.60","36.34","30.67M","-4.87%"
"11/06/2025","38.20","41.42","42.00","38.14","20.87M","-6.69%"
"10/06/2025","40.94","39.66","42.14","39.66","18.93M","4.01%"
"05/06/2025","39.36","39.46","40.10","38.90","6.98M","-0.25%"
"04/06/2025","39.46","38.98","40.38","38.02","19.66M","3.03%"
"03/06/2025","38.30","35.64","38.30","35.34","22.93M","7.64%"
"02/06/2025","35.58","34.34","37.24","33.98","26.49M","4.77%"
"30/05/2025","33.96","34.32","34.80","33.20","16.41M","3.22%"
"29/05/2025","32.90","32.30","33.26","31.76","12.15M","2.05%"
"28/05/2025","32.24","33.34","34.12","32.16","7.51M","-4.67%"
"27/05/2025","33.82","33.44","34.78","31.88","15.04M","1.68%"
"26/05/2025","33.26","33.34","34.00","32.24","8.05M","-0.12%"
"23/05/2025","33.30","33.98","35.08","32.24","30.15M","0.91%"
"22/05/2025","33.00","30.00","33.00","29.60","25.85M","10.00%"
"21/05/2025","30.00","30.94","32.36","30.00","13.68M","-3.23%"
"20/05/2025","31.00","33.26","33.94","30.48","14.99M","-6.79%"
"16/05/2025","33.26","33.70","34.74","33.12","12.94M","-1.77%"
"15/05/2025","33.86","35.24","35.50","33.70","11.26M","-3.26%"
"14/05/2025","35.00","34.26","36.58","32.90","31.23M","2.22%"
"13/05/2025","34.24","32.22","36.26","31.52","31.67M","-0.87%"
"12/05/2025","34.54","38.38","38.98","34.54","20.02M","-9.96%"
"09/05/2025","38.36","40.70","41.00","36.56","18.39M","-5.56%"
"08/05/2025","40.62","40.80","41.30","39.84","12.51M","0.05%"
"07/05/2025","40.60","40.22","41.80","39.78","20.70M","1.35%"
"06/05/2025","40.06","41.10","41.60","39.62","26.56M","0.15%"
"05/05/2025","40.00","42.00","44.22","39.90","45.56M","-0.50%"
"02/05/2025","40.20","40.06","42.08","39.20","22.67M","0.45%"
"30/04/2025","40.02","42.06","45.08","38.32","64.61M","-5.48%"
"29/04/2025","42.34","40.00","42.34","39.32","30.96M","9.97%"
"28/04/2025","38.50","36.20","38.50","35.88","23.66M","10.00%"
"25/04/2025","35.00","36.06","36.20","34.98","10.52M","-2.56%"
"24/04/2025","35.92","36.00","36.50","34.66","17.33M","-0.22%"
"22/04/2025","36.00","35.90","36.50","35.52","17.91M","1.98%"
"21/04/2025","35.30","33.26","36.38","33.10","24.49M","4.38%"
"18/04/2025","33.82","36.16","36.90","33.82","31.12M","-2.37%"
"17/04/2025","34.64","31.64","34.64","31.64","14.85M","9.97%"
"16/04/2025","31.50","32.10","33.52","29.60","33.63M","-3.08%"
"15/04/2025","32.50","35.06","35.34","32.00","23.28M","-7.30%"
"14/04/2025","35.06","36.16","37.84","34.50","17.37M","-3.31%"
"11/04/2025","36.26","37.00","38.60","36.02","6.20M","-2.00%"
"10/04/2025","37.00","35.40","38.00","34.02","7.42M","5.11%"
"09/04/2025","35.20","36.48","36.48","34.40","6.94M","-3.56%"
"08/04/2025","36.50","37.72","38.14","35.84","7.90M","-3.18%"
"07/04/2025","37.70","35.50","39.50","35.50","8.22M","-0.21%"
"04/04/2025","37.78","37.08","38.86","35.24","12.43M","3.28%"
"03/04/2025","36.58","34.10","36.58","34.10","11.40M","9.98%"
"02/04/2025","33.26","30.00","33.26","27.22","9.86M","9.99%"
"28/03/2025","30.24","32.90","32.90","30.24","7.89M","-10.00%"
"27/03/2025","33.60","36.38","37.52","33.06","10.17M","-7.69%"
"26/03/2025","36.40","36.98","38.24","33.40","15.03M","2.59%"
"25/03/2025","35.48","33.58","35.48","33.10","12.43M","9.98%"
"24/03/2025","32.26","29.32","32.26","29.18","13.09M","9.95%"
"21/03/2025","29.34","29.80","30.50","27.00","13.32M","0.76%"
"20/03/2025","29.12","26.00","29.12","25.00","14.01M","9.97%"
"19/03/2025","26.48","26.12","30.70","26.02","17.77M","-6.56%"
"18/03/2025","28.34","26.00","28.34","25.94","14.43M","9.93%"
"17/03/2025","25.78","23.52","25.78","23.52","10.89M","9.98%"
"14/03/2025","23.44","22.52","24.06","22.02","7.99M","2.90%"
"13/03/2025","22.78","22.30","23.00","20.40","10.93M","2.15%"
"12/03/2025","22.30","22.56","24.14","21.46","55.84M","-1.15%"
"11/03/2025","22.56","21.02","22.56","20.88","57.86M","9.94%"
"10/03/2025","20.52","18.65","20.52","18.22","26.44M","9.91%"
"07/03/2025","18.67","19.80","20.34","17.86","59.47M","-3.11%"
"06/03/2025","19.27","18.28","19.27","18.28","35.17M","9.99%"
"05/03/2025","17.52","16.40","17.52","16.12","44.80M","9.98%"
"04/03/2025","15.93","14.71","15.93","14.47","24.29M","9.94%"
"03/03/2025","14.49","13.80","14.71","13.80","18.10M","5.54%"
"28/02/2025","13.73","13.96","14.70","13.70","24.77M","0.22%"
"27/02/2025","13.70","12.46","13.70","12.46","18.55M","9.95%"
"26/02/2025","12.46","12.38","12.88","11.90","7.68M","1.30%"
"25/02/2025","12.30","12.80","12.85","12.17","4.87M","-3.83%"
"24/02/2025","12.79","13.20","13.28","12.73","4.66M","-2.37%"
"21/02/2025","13.10","13.23","13.60","12.76","6.12M","-1.73%"
"20/02/2025","13.33","13.20","13.60","12.90","5.34M","1.76%"
"19/02/2025","13.10","13.58","13.90","13.03","7.08M","-2.96%"
"18/02/2025","13.50","13.48","13.75","13.12","5.55M","0.22%"
"17/02/2025","13.47","13.85","14.03","13.30","4.57M","-2.74%"
"14/02/2025","13.85","13.84","14.07","13.48","8.47M","0.29%"
"13/02/2025","13.81","14.36","14.64","13.41","16.70M","-2.06%"
"12/02/2025","14.10","13.90","14.22","13.55","15.96M","6.02%"
"11/02/2025","13.30","12.60","13.59","12.50","19.86M","6.66%"
"10/02/2025","12.47","12.45","12.75","12.38","4.82M","0.24%"
"07/02/2025","12.44","12.48","12.58","12.04","5.24M","1.80%"
"06/02/2025","12.22","11.73","12.50","11.62","8.64M","4.44%"
"05/02/2025","11.70","11.85","11.90","11.35","3.65M","-0.93%"
"04/02/2025","11.81","11.80","12.10","11.80","3.45M","0.08%"
"03/02/2025","11.80","12.08","12.21","11.77","3.75M","-2.24%"
"31/01/2025","12.07","12.36","12.76","11.95","5.54M","-1.95%"
"30/01/2025","12.31","12.58","12.80","12.31","4.76M","-2.15%"
"29/01/2025","12.58","12.68","13.07","12.58","6.93M","-0.79%"
"28/01/2025","12.68","13.03","13.14","12.68","4.41M","-2.69%"
"27/01/2025","13.03","13.32","13.32","12.88","4.98M","-0.91%"
"24/01/2025","13.15","13.23","13.42","13.07","7.12M","-0.60%"
"23/01/2025","13.23","13.40","13.46","13.16","4.44M","0.38%"
"22/01/2025","13.18","13.32","13.51","13.08","7.76M","-1.64%"
"21/01/2025","13.40","13.60","13.65","13.27","7.75M","-1.33%"
"20/01/2025","13.58","13.09","13.81","12.89","16.15M","3.74%"
"17/01/2025","13.09","12.55","13.60","12.51","22.24M","4.55%"
"16/01/2025","12.52","12.77","12.84","12.49","6.90M","-2.03%"
"15/01/2025","12.78","12.89","13.11","12.63","6.06M","-0.23%"
"14/01/2025","12.81","13.13","13.25","12.80","6.81M","-2.51%"
"13/01/2025","13.14","13.57","13.68","13.10","5.21M","-3.17%"
"10/01/2025","13.57","13.82","14.02","13.48","7.99M","-2.16%"
"09/01/2025","13.87","14.16","14.25","13.68","9.34M","0.43%"
"08/01/2025","13.81","13.45","14.46","13.29","38.23M","2.91%"
"07/01/2025","13.42","13.37","13.95","13.26","12.48M","0.45%"
"06/01/2025","13.36","12.97","13.49","12.94","8.93M","3.01%"
"03/01/2025","12.97","13.14","13.24","12.91","4.91M","-1.29%"
"02/01/2025","13.14","13.25","13.61","13.10","9.36M","-0.83%"
"31/12/2024","13.25","12.64","13.52","12.60","15.56M","4.00%"
"30/12/2024","12.74","12.50","13.33","12.50","14.52M","1.76%"
"27/12/2024","12.52","12.63","12.80","12.51","4.93M","-1.42%"
"26/12/2024","12.70","12.84","12.98","12.56","10.02M","-0.94%"
"25/12/2024","12.82","13.16","13.21","12.82","6.04M","-2.21%"
"24/12/2024","13.11","13.56","13.68","13.05","6.22M","-2.53%"
"23/12/2024","13.45","13.50","14.09","13.06","22.88M","0.90%"
"20/12/2024","13.33","12.71","13.65","12.43","20.32M","4.88%"
"19/12/2024","12.71","12.98","13.00","12.68","6.67M","-2.68%"
"18/12/2024","13.06","13.13","13.43","12.88","10.58M","-0.53%"
"17/12/2024","13.13","13.40","13.75","12.96","15.15M","-1.57%"
"16/12/2024","13.34","13.42","13.77","13.25","12.43M","-0.60%"
"13/12/2024","13.42","13.63","13.63","13.21","8.13M","-1.54%"
"12/12/2024","13.63","13.54","13.87","13.40","10.49M","0.66%"
"11/12/2024","13.54","13.69","14.20","13.35","19.29M","-1.38%"
"10/12/2024","13.73","14.29","14.54","13.70","23.88M","-3.99%"
"09/12/2024","14.30","14.70","14.78","14.19","31.82M","-2.32%"
"06/12/2024","14.64","14.97","15.10","14.25","28.58M","-1.74%"
"05/12/2024","14.90","15.10","15.95","14.49","36.92M","-1.32%"
"04/12/2024","15.10","16.20","17.19","14.24","73.94M","-4.49%"
"03/12/2024","15.81","15.09","15.81","15.09","12.08M","9.94%"
"02/12/2024","14.38","13.08","14.38","13.08","41.28M","9.94%"
"29/11/2024","13.08","13.80","13.99","12.90","47.98M","1.63%"
"28/11/2024","12.87","12.11","12.87","12.11","11.07M","10.00%"
"27/11/2024","11.70","10.74","11.70","10.74","7.35M","9.94%"
"26/11/2024","10.64","10.38","10.72","10.28","12.58M","2.49%"
"25/11/2024","10.38","10.40","10.66","10.16","12.73M","0.32%"
"22/11/2024","10.35","10.01","10.73","10.00","23.53M","4.12%"
"21/11/2024","9.94","10.22","10.28","9.73","14.51M","-1.88%"
"20/11/2024","10.13","10.47","10.50","10.12","7.08M","-2.69%"
"19/11/2024","10.41","10.42","10.78","10.25","18.00M","0.39%"
"18/11/2024","10.37","10.50","10.62","10.33","6.30M","-0.48%"
"15/11/2024","10.42","10.24","10.75","10.21","11.05M","2.06%"
"14/11/2024","10.21","10.50","10.58","10.18","8.35M","-1.64%"
"13/11/2024","10.38","10.33","11.04","10.33","15.79M","1.76%"
"12/11/2024","10.20","10.48","10.67","10.17","12.32M","-6.68%"
"11/11/2024","10.93","10.85","11.13","10.77","8.66M","1.20%"
"08/11/2024","10.80","10.59","10.88","10.52","10.84M","2.08%"
"07/11/2024","10.58","10.94","11.03","10.45","12.29M","-3.29%"
"06/11/2024","10.94","11.34","11.41","10.88","13.12M","-3.70%"
"05/11/2024","11.36","11.73","11.84","11.17","9.93M","-3.15%"
"04/11/2024","11.73","12.30","12.40","11.70","11.91M","-4.63%"
"01/11/2024","12.30","12.23","12.66","12.14","19.40M","0.57%"
"31/10/2024","12.23","12.33","12.45","12.17","11.33M","-0.73%"
"30/10/2024","12.32","12.34","12.57","12.26","12.68M","-0.08%"
"28/10/2024","12.33","12.33","12.80","12.28","7.55M","0.00%"
"25/10/2024","12.33","12.49","12.55","12.23","7.43M","-1.44%"
"24/10/2024","12.51","12.66","12.81","12.43","12.08M","-0.24%"
"23/10/2024","12.54","12.28","13.32","12.08","27.34M","2.03%"
"22/10/2024","12.29","12.41","12.47","12.08","8.63M","-0.49%"
"21/10/2024","12.35","12.80","12.98","12.28","9.46M","-4.11%"
"18/10/2024","12.88","12.61","13.29","12.53","21.20M","2.38%"
"17/10/2024","12.58","12.38","13.05","12.17","11.98M","1.62%"
"16/10/2024","12.38","12.58","12.74","12.16","7.59M","-1.51%"
"15/10/2024","12.57","12.58","13.31","12.33","16.98M","-0.08%"
"14/10/2024","12.58","11.89","13.08","11.85","31.18M","5.80%"
"11/10/2024","11.89","12.20","12.26","11.83","6.28M","-3.02%"
"10/10/2024","12.26","12.50","12.82","12.17","7.64M","-3.24%"
"09/10/2024","12.67","12.81","13.28","12.51","3.28M","-2.31%"
"08/10/2024","12.97","12.75","13.08","12.31","4.05M","1.09%"
"07/10/2024","12.83","13.22","13.22","12.69","4.12M","-2.95%"
"04/10/2024","13.22","13.17","13.49","12.83","5.04M","-3.01%"
"03/10/2024","13.63","13.22","14.17","12.79","8.50M","3.10%"
"02/10/2024","13.22","12.02","13.22","11.64","9.10M","9.98%"
"01/10/2024","12.02","12.04","12.28","11.50","4.01M","-3.22%"
"30/09/2024","12.42","11.91","12.67","11.34","5.41M","4.99%"
"27/09/2024","11.83","12.32","12.32","11.71","2.85M","-4.06%"
"26/09/2024","12.33","12.71","12.92","12.25","3.74M","-3.45%"
"25/09/2024","12.77","13.19","13.19","12.58","4.28M","-3.40%"
"24/09/2024","13.22","13.13","13.67","12.98","4.18M","1.46%"
"23/09/2024","13.03","13.43","13.52","12.88","3.59M","-2.98%"
"20/09/2024","13.43","13.69","13.69","13.33","3.84M","-4.00%"
"19/09/2024","13.99","14.50","14.65","13.40","6.45M","-0.71%"
"18/09/2024","14.09","12.93","14.09","12.83","7.25M","9.91%"
"17/09/2024","12.82","13.30","13.30","12.82","4.51M","-3.83%"
"16/09/2024","13.33","13.41","14.37","13.04","4.90M","-2.42%"
"13/09/2024","13.66","13.63","14.11","13.08","5.55M","-4.81%"
"12/09/2024","14.35","14.83","15.58","14.35","9.43M","-9.97%"
"11/09/2024","15.94","13.67","16.39","13.43","11.91M","6.91%"
"10/09/2024","14.91","16.39","16.39","14.91","4.36M","-9.96%"
"09/09/2024","16.56","15.42","16.56","15.42","29.14M","9.96%"
"06/09/2024","15.06","14.17","15.06","14.11","62.36M","10.01%"
"05/09/2024","13.69","13.02","13.69","12.70","37.62M","9.96%"
"04/09/2024","12.45","10.20","12.45","10.20","51.76M","9.89%"
"03/09/2024","11.33","11.33","11.33","11.33","2.62M","-9.94%"
"02/09/2024","12.58","12.58","12.58","12.58","4.07M","-10.01%"
"29/08/2024","13.98","15.48","15.48","13.98","37.55M","-9.98%"
"28/08/2024","15.53","15.92","16.98","15.53","24.70M","-9.97%"
"27/08/2024","17.25","19.08","19.13","17.25","18.80M","-10.02%"
"26/08/2024","19.17","20.17","20.57","19.17","6.13M","-4.86%"
"23/08/2024","20.15","21.23","21.72","19.63","6.99M","-4.95%"
"22/08/2024","21.20","21.33","22.13","20.82","5.92M","-0.61%"
"21/08/2024","21.33","21.90","22.12","20.90","7.29M","-2.60%"
"20/08/2024","21.90","22.50","22.57","21.90","2.43M","-2.67%"
"19/08/2024","22.50","23.32","23.33","22.50","3.51M","-1.83%"
"16/08/2024","22.92","22.33","22.97","22.12","5.74M","3.38%"
"15/08/2024","22.17","21.97","22.38","20.88","4.13M","0.91%"
"14/08/2024","21.97","22.33","22.53","21.77","3.36M","-1.48%"
"13/08/2024","22.30","22.67","22.78","22.00","3.69M","-0.09%"
"12/08/2024","22.32","22.67","23.07","22.13","5.53M","-0.80%"
"09/08/2024","22.50","23.50","23.52","22.13","7.10M","-3.56%"
"08/08/2024","23.33","24.47","24.47","23.33","5.56M","-4.97%"
"07/08/2024","24.55","24.48","25.02","23.72","8.12M","0.29%"
"06/08/2024","24.48","23.90","25.00","23.88","9.58M","2.43%"
"05/08/2024","23.90","22.17","24.27","21.47","7.80M","1.83%"
"02/08/2024","23.47","24.58","25.15","23.13","9.80M","-4.48%"
"01/08/2024","24.57","25.35","25.47","23.55","14.10M","-3.00%"
"31/07/2024","25.33","23.98","26.02","23.70","19.35M","5.98%"
"30/07/2024","23.90","23.20","24.27","23.03","7.44M","1.79%"
"29/07/2024","23.48","23.32","24.15","23.28","9.01M","1.87%"
"26/07/2024","23.05","21.98","23.10","21.70","7.71M","4.77%"
"25/07/2024","22.00","21.83","22.07","21.38","4.58M","0.78%"
"24/07/2024","21.83","21.80","21.98","21.33","4.60M","0.23%"
"23/07/2024","21.78","21.80","22.00","21.48","3.79M","1.07%"
"22/07/2024","21.55","21.75","22.28","21.05","6.22M","-1.01%"
"19/07/2024","21.77","22.15","22.25","21.47","4.70M","-1.58%"
"18/07/2024","22.12","22.92","23.03","22.00","6.16M","-3.49%"
"17/07/2024","22.92","22.58","23.57","22.55","6.96M","1.55%"
"16/07/2024","22.57","23.24","23.57","22.16","9.24M","-2.88%"
"12/07/2024","23.24","23.84","24.07","22.82","8.48M","-2.52%"
"11/07/2024","23.84","25.31","25.54","22.64","24.31M","-5.06%"
"10/07/2024","25.11","26.24","26.84","25.11","7.80M","-4.31%"
"09/07/2024","26.24","26.16","26.82","25.86","10.09M","0.88%"
"08/07/2024","26.01","25.09","26.01","24.54","8.02M","3.75%"
"05/07/2024","25.07","26.19","26.41","24.97","6.48M","-4.17%"
"04/07/2024","26.16","25.81","26.76","25.22","10.87M","1.95%"
"03/07/2024","25.66","25.21","26.82","25.21","14.38M","2.80%"
"02/07/2024","24.96","23.71","25.12","22.52","8.22M","4.13%"
"01/07/2024","23.97","24.67","25.34","22.99","7.18M","-2.64%"
"28/06/2024","24.62","23.87","24.84","23.32","8.22M","3.14%"
"27/06/2024","23.87","23.04","24.36","22.87","6.76M","3.47%"
"26/06/2024","23.07","23.79","24.09","23.07","4.84M","-3.03%"
"25/06/2024","23.79","23.74","23.99","23.14","3.88M","0.21%"
"24/06/2024","23.74","24.11","24.32","23.46","5.68M","-1.53%"
"21/06/2024","24.11","23.69","24.41","22.99","8.44M","1.77%"
"20/06/2024","23.69","22.69","24.09","22.49","7.94M","4.64%"
"14/06/2024","22.64","22.37","22.92","21.71","7.42M","1.03%"
"13/06/2024","22.41","21.64","22.49","21.11","9.45M","3.46%"
"12/06/2024","21.66","20.17","21.91","19.67","11.51M","7.44%"
"11/06/2024","20.16","19.92","20.29","19.24","6.50M","1.10%"
"10/06/2024","19.94","20.46","20.76","19.94","2.91M","-3.95%"
"07/06/2024","20.76","21.16","21.32","19.77","6.48M","-1.89%"
"06/06/2024","21.16","19.51","21.32","19.51","8.91M","8.57%"
"05/06/2024","19.49","20.04","20.14","19.33","4.52M","-2.50%"
"04/06/2024","19.99","20.67","20.99","19.99","3.22M","-3.29%"
"03/06/2024","20.67","20.66","21.07","19.76","4.66M","0.54%"
"31/05/2024","20.56","20.74","22.57","20.49","4.00M","-0.87%"
"30/05/2024","20.74","19.79","20.74","19.69","5.63M","5.17%"
"29/05/2024","19.72","20.89","20.89","19.72","3.84M","-5.69%"
"28/05/2024","20.91","21.16","21.29","20.32","3.67M","-1.18%"
"27/05/2024","21.16","21.12","21.42","20.07","5.16M","0.19%"
"24/05/2024","21.12","22.11","22.11","21.12","4.44M","-4.48%"
"23/05/2024","22.11","21.64","22.27","21.34","5.82M","2.27%"
"22/05/2024","21.62","20.82","22.29","20.82","6.64M","3.84%"
"21/05/2024","20.82","21.32","22.14","20.82","6.08M","-2.35%"
"20/05/2024","21.32","22.46","22.46","21.32","6.06M","-5.12%"
"17/05/2024","22.47","23.54","23.56","22.47","5.93M","-4.55%"
"16/05/2024","23.54","22.49","23.86","22.17","8.36M","6.23%"
"15/05/2024","22.16","20.42","22.24","20.16","8.00M","8.41%"
"14/05/2024","20.44","21.34","21.34","20.02","4.89M","-4.13%"
"13/05/2024","21.32","21.71","21.91","19.92","7.88M","-1.71%"
"10/05/2024","21.69","20.99","22.24","20.99","5.31M","-2.78%"
"09/05/2024","22.31","22.94","23.16","22.21","4.87M","-2.75%"
"08/05/2024","22.94","23.76","24.01","22.67","4.87M","-3.25%"
"07/05/2024","23.71","24.44","24.87","23.24","6.19M","-2.99%"
"06/05/2024","24.44","22.66","24.49","22.12","10.64M","7.86%"
"03/05/2024","22.66","23.46","23.89","21.22","13.66M","-3.86%"
"02/05/2024","23.57","23.92","24.49","23.22","5.53M","-1.46%"
"30/04/2024","23.92","24.17","24.89","23.54","5.97M","-0.99%"
"29/04/2024","24.16","25.56","25.92","24.06","5.64M","-5.48%"
"26/04/2024","25.56","25.92","26.32","25.46","3.93M","-1.39%"
"25/04/2024","25.92","26.04","27.06","25.44","5.22M","1.57%"
"24/04/2024","25.52","26.41","27.45","25.41","3.25M","-3.37%"
"22/04/2024","26.41","26.31","27.65","25.79","4.45M","0.38%"
"19/04/2024","26.31","25.16","26.66","24.44","2.93M","4.57%"
"18/04/2024","25.16","26.66","27.16","25.16","3.21M","-5.66%"
"17/04/2024","26.67","27.07","28.12","26.02","6.65M","-2.38%"
"16/04/2024","27.32","25.61","27.40","23.87","5.74M","6.47%"
"15/04/2024","25.66","23.22","25.66","22.87","5.70M","10.03%"
"09/04/2024","23.32","23.01","23.66","22.99","865.35K","1.44%"
"08/04/2024","22.99","20.64","22.99","20.64","2.46M","9.37%"
"05/04/2024","21.02","19.84","21.49","19.67","3.48M","2.34%"
"04/04/2024","20.54","21.16","21.52","20.17","3.09M","-2.84%"
"03/04/2024","21.14","22.16","22.99","21.06","2.25M","-4.60%"
"02/04/2024","22.16","20.97","22.71","20.84","3.43M","5.22%"
"01/04/2024","21.06","21.49","21.57","20.49","1.87M","-2.00%"
"29/03/2024","21.49","21.02","21.67","20.62","2.32M","2.24%"
"28/03/2024","21.02","21.41","22.16","20.54","2.20M","-1.41%"
"27/03/2024","21.32","22.21","22.49","21.32","2.67M","-4.01%"
"26/03/2024","22.21","22.16","23.51","21.37","4.03M","-0.05%"
"25/03/2024","22.22","22.87","23.91","21.74","4.03M","-2.93%"
"22/03/2024","22.89","24.27","26.22","22.77","20.66M","-5.69%"
"21/03/2024","24.27","22.66","24.61","22.66","20.00M","8.25%"
"20/03/2024","22.42","21.46","22.42","20.84","17.24M","9.96%"
"19/03/2024","20.39","18.54","20.39","18.48","7.82M","9.98%"
"18/03/2024","18.54","19.28","19.66","18.01","8.09M","-4.24%"
"15/03/2024","19.36","20.11","20.49","19.21","8.81M","-3.73%"
"14/03/2024","20.11","20.89","20.91","20.09","6.25M","-3.73%"
"13/03/2024","20.89","21.12","21.46","20.11","7.45M","-1.09%"
"12/03/2024","21.12","20.39","21.82","20.21","11.33M","3.58%"
"11/03/2024","20.39","20.61","21.97","19.59","16.47M","-1.07%"
"08/03/2024","20.61","22.82","23.16","20.61","12.86M","-8.68%"
"07/03/2024","22.57","20.82","23.49","20.66","13.41M","3.82%"
"06/03/2024","21.74","24.16","24.16","21.74","14.64M","-10.02%"
"05/03/2024","24.16","25.12","25.17","23.84","12.17M","-2.74%"
"04/03/2024","24.84","26.27","26.91","24.61","16.53M","-3.80%"
"01/03/2024","25.82","24.26","26.56","24.26","20.16M","6.52%"
"29/02/2024","24.24","23.57","24.82","23.11","11.79M","2.54%"
"28/02/2024","23.64","25.34","25.47","22.96","15.26M","-6.71%"
"27/02/2024","25.34","25.32","25.97","24.07","20.13M","0.08%"
"26/02/2024","25.32","26.17","26.22","24.91","20.12M","-1.94%"
"23/02/2024","25.82","25.41","26.32","24.84","25.88M","1.61%"
"22/02/2024","25.41","24.49","25.56","23.86","26.44M","4.10%"
"21/02/2024","24.41","23.42","24.86","23.01","34.05M","4.67%"
"20/02/2024","23.32","21.46","23.54","20.67","31.90M","8.92%"
"19/02/2024","21.41","22.16","22.52","21.16","20.21M","-3.38%"
"16/02/2024","22.16","22.52","23.39","21.61","24.63M","-1.60%"
"15/02/2024","22.52","22.49","23.31","21.44","34.29M","0.49%"
"14/02/2024","22.41","20.37","22.41","20.01","30.12M","10.01%"
"13/02/2024","20.37","20.11","21.19","19.77","29.92M","2.93%"
"12/02/2024","19.79","18.49","19.79","17.58","30.73M","10.01%"
"09/02/2024","17.99","17.83","18.49","17.33","23.99M","3.51%"
"08/02/2024","17.38","16.29","17.78","16.29","33.78M","7.55%"
"07/02/2024","16.16","16.28","16.73","15.83","7.23M","-0.80%"
"06/02/2024","16.29","16.05","16.66","15.65","7.43M","1.50%"
"05/02/2024","16.05","15.41","17.09","15.20","7.90M","3.22%"
"02/02/2024","15.55","15.28","15.71","15.14","4.22M","1.11%"
"01/02/2024","15.38","15.35","15.73","14.98","4.72M","0.20%"
"31/01/2024","15.35","15.83","15.83","15.29","5.12M","-3.64%"
"30/01/2024","15.93","15.99","16.41","15.19","6.79M","-1.30%"
"29/01/2024","16.14","15.49","16.66","15.48","8.51M","4.53%"
"26/01/2024","15.44","14.66","15.88","14.06","9.21M","4.39%"
"25/01/2024","14.79","15.21","15.24","14.41","7.52M","-2.95%"
"24/01/2024","15.24","16.15","16.15","15.02","7.44M","-6.85%"
"23/01/2024","16.36","16.49","17.41","14.92","21.39M","-1.27%"
"22/01/2024","16.57","15.74","17.39","15.73","9.75M","-5.21%"
"19/01/2024","17.48","16.83","18.01","16.16","10.40M","3.86%"
"18/01/2024","16.83","15.49","16.83","15.49","7.01M","9.07%"
"17/01/2024","15.43","14.14","15.51","13.99","7.08M","7.08%"
"16/01/2024","14.41","14.33","14.99","12.99","8.31M","0.49%"
"15/01/2024","14.34","14.83","15.15","14.09","7.80M","-3.30%"
"12/01/2024","14.83","14.28","15.16","13.83","8.96M","3.85%"
"11/01/2024","14.28","13.31","14.33","12.99","6.04M","7.29%"
"10/01/2024","13.31","12.50","13.46","12.16","5.79M","6.48%"
"09/01/2024","12.50","12.16","12.85","11.75","5.93M","0.56%"
"08/01/2024","12.43","11.66","12.52","11.41","9.08M","3.67%"
"05/01/2024","11.99","11.60","12.41","11.03","9.74M","3.45%"
"04/01/2024","11.59","10.58","11.59","10.55","8.13M","9.96%"
"03/01/2024","10.54","9.83","10.56","9.83","5.96M","7.55%"
"02/01/2024","9.80","8.91","9.80","8.91","5.15M","9.99%"
"29/12/2023","8.91","8.31","9.01","8.16","3.15M","7.22%"
"28/12/2023","8.31","8.07","8.52","7.91","2.61M","2.97%"
"27/12/2023","8.07","8.16","8.33","7.88","2.80M","-2.18%"
"26/12/2023","8.25","8.13","8.66","7.72","3.11M","1.10%"
"25/12/2023","8.16","8.62","8.62","7.76","4.17M","-5.34%"
"22/12/2023","8.62","8.88","9.44","8.45","5.47M","-3.15%"
"21/12/2023","8.90","8.06","9.07","7.66","7.03M","7.88%"
"20/12/2023","8.25","9.16","9.32","8.25","6.94M","-9.93%"
"19/12/2023","9.16","9.16","9.45","8.52","8.21M","-3.17%"
"18/12/2023","9.46","10.51","10.60","9.46","7.99M","-9.99%"
"15/12/2023","10.51","10.13","10.66","9.81","6.90M","3.75%"
"14/12/2023","10.13","9.50","10.20","9.35","8.83M","6.63%"
"13/12/2023","9.50","9.32","9.80","8.93","7.53M","1.93%"
"12/12/2023","9.32","9.00","9.33","8.91","7.45M","3.56%"
"11/12/2023","9.00","8.33","9.02","8.08","10.87M","8.04%"
"08/12/2023","8.33","8.08","8.56","7.82","6.82M","0.97%"
"07/12/2023","8.25","7.27","8.35","7.20","12.83M","3.13%"
"06/12/2023","8.00","8.45","8.46","7.75","26.78M","-5.44%"
"05/12/2023","8.46","8.40","8.91","8.03","49.90M","0.71%"
"04/12/2023","8.40","7.96","8.58","7.90","50.91M","7.55%"
"01/12/2023","7.81","7.12","7.81","7.12","33.62M","10.00%"
"30/11/2023","7.10","6.93","7.26","6.63","28.07M","2.45%"
"29/11/2023","6.93","7.25","7.48","6.59","45.27M","-3.48%"
"28/11/2023","7.18","6.73","7.40","6.58","58.27M","6.69%"
"27/11/2023","6.73","6.26","6.79","6.26","31.36M","7.51%"
"24/11/2023","6.26","6.31","6.43","6.12","24.35M","-1.57%"
"23/11/2023","6.36","6.02","6.56","6.01","37.41M","5.65%"
"22/11/2023","6.02","6.28","6.33","5.97","17.56M","-4.14%"
"21/11/2023","6.28","6.30","6.59","6.10","36.89M","-0.32%"
"20/11/2023","6.30","5.95","6.33","5.95","31.71M","9.37%"
"17/11/2023","5.76","5.56","5.94","5.47","31.75M","3.78%"
"16/11/2023","5.55","5.32","5.66","5.24","37.47M","5.31%"
"15/11/2023","5.27","5.06","5.62","5.06","41.68M","3.13%"
"14/11/2023","5.11","5.24","5.34","5.01","20.05M","-2.67%"
"13/11/2023","5.25","4.93","5.37","4.92","55.96M","7.36%"
"10/11/2023","4.89","4.60","4.98","4.48","20.59M","3.82%"
"09/11/2023","4.71","4.54","4.80","4.42","19.53M","3.74%"
"08/11/2023","4.54","4.33","4.55","4.21","14.37M","4.85%"
"07/11/2023","4.33","4.37","4.40","4.25","9.61M","-0.92%"
"06/11/2023","4.37","4.29","4.39","4.21","9.69M","3.31%"
"03/11/2023","4.23","4.21","4.23","4.12","7.81M","0.48%"
"02/11/2023","4.21","4.13","4.22","4.08","12.57M","2.68%"
"01/11/2023","4.10","4.24","4.29","3.97","9.10M","-1.91%"
"31/10/2023","4.18","4.41","4.43","4.16","9.13M","-5.22%"
"30/10/2023","4.41","4.28","4.44","4.22","12.54M","3.28%"
"27/10/2023","4.27","4.29","4.32","4.12","9.08M","-0.47%"
"26/10/2023","4.29","4.29","4.38","4.08","12.05M","2.63%"
"25/10/2023","4.18","4.66","4.70","4.18","17.45M","-10.11%"
"24/10/2023","4.65","4.52","4.74","4.48","15.43M","2.88%"
"23/10/2023","4.52","4.59","4.64","4.36","17.16M","0.44%"
"20/10/2023","4.50","4.91","5.05","4.43","29.32M","-6.83%"
"19/10/2023","4.83","5.00","5.08","4.75","20.84M","-3.59%"
"18/10/2023","5.01","5.19","5.43","4.96","35.33M","0.40%"
"17/10/2023","4.99","5.06","5.16","4.83","24.97M","-1.38%"
"16/10/2023","5.06","5.45","5.48","5.02","22.82M","-7.16%"
"13/10/2023","5.45","5.31","5.65","5.25","37.64M","1.30%"
"12/10/2023","5.38","5.33","5.79","5.25","90.17M","2.28%"
"11/10/2023","5.26","5.91","6.06","5.26","33.87M","-9.78%"
"10/10/2023","5.83","6.13","6.40","5.80","83.92M","-1.52%"
"09/10/2023","5.92","5.38","5.92","5.35","16.03M","10.04%"
"06/10/2023","5.38","5.25","5.58","5.16","27.83M","2.28%"
"05/10/2023","5.26","5.36","5.47","5.10","17.62M","-0.19%"
"04/10/2023","5.27","5.60","5.64","5.25","16.00M","-5.56%"
"03/10/2023","5.58","5.39","5.61","5.36","30.63M","4.30%"
"02/10/2023","5.35","5.26","5.45","5.18","19.54M","1.71%"
"29/09/2023","5.26","5.13","5.26","5.07","12.06M","2.53%"
"28/09/2023","5.13","5.09","5.31","5.09","12.35M","0.20%"
"27/09/2023","5.12","5.16","5.30","5.11","14.00M","-0.78%"
"26/09/2023","5.16","5.40","5.43","5.14","16.87M","-4.44%"
"25/09/2023","5.40","5.41","5.59","5.37","19.63M","0.00%"
"22/09/2023","5.40","5.40","5.69","5.29","26.30M","0.93%"
"21/09/2023","5.35","5.28","5.57","5.06","20.21M","0.94%"
"20/09/2023","5.30","5.41","5.50","5.14","6.03M","-1.30%"
"19/09/2023","5.37","5.02","5.51","4.94","6.98M","6.13%"
"18/09/2023","5.06","5.41","5.41","5.00","6.77M","-7.16%"
"15/09/2023","5.45","4.97","5.46","4.78","9.68M","9.66%"
"14/09/2023","4.97","5.00","5.05","4.75","5.98M","-1.78%"
"13/09/2023","5.06","5.27","5.34","5.02","5.58M","-3.98%"
"12/09/2023","5.27","5.28","5.38","5.16","4.90M","-0.19%"
"11/09/2023","5.28","5.21","5.45","5.20","6.78M","-2.58%"
"08/09/2023","5.42","5.49","5.53","5.35","8.76M","-3.56%"
"07/09/2023","5.62","5.78","5.84","5.48","12.09M","-2.77%"
"06/09/2023","5.78","5.22","5.78","5.16","16.50M","9.89%"
"05/09/2023","5.26","5.35","5.41","5.21","10.84M","-3.84%"
"04/09/2023","5.47","5.59","5.59","5.33","14.14M","-2.50%"
"01/09/2023","5.61","5.78","5.78","5.55","10.77M","-4.10%"
"31/08/2023","5.85","5.76","5.91","5.50","13.71M","1.56%"
"29/08/2023","5.76","5.99","6.01","5.70","13.73M","-5.57%"
"28/08/2023","6.10","5.67","6.28","5.39","19.48M","4.99%"
"25/08/2023","5.81","6.08","6.16","5.71","19.85M","-8.50%"
"24/08/2023","6.35","6.86","7.16","6.18","27.53M","-7.43%"
"23/08/2023","6.86","6.67","6.86","6.34","29.82M","9.94%"
"22/08/2023","6.24","5.91","6.24","5.89","12.97M","10.05%"
"21/08/2023","5.67","5.16","5.67","4.90","18.77M","9.88%"
"18/08/2023","5.16","5.16","5.16","4.91","64.91M","10.02%"
"17/08/2023","4.69","4.58","4.98","4.35","57.28M","1.74%"
"16/08/2023","4.61","5.08","5.46","4.61","70.22M","-8.71%"
"15/08/2023","5.05","4.95","5.05","4.80","86.31M","10.02%"
"14/08/2023","4.59","4.40","4.59","4.40","10.66M","9.81%"
"11/08/2023","4.18","3.81","4.18","3.78","32.49M","10.00%"
"10/08/2023","3.80","4.08","4.33","3.80","52.17M","-6.86%"
"09/08/2023","4.08","4.32","4.60","4.08","57.20M","-2.63%"
"08/08/2023","4.19","3.84","4.19","3.82","64.40M","9.97%"
"07/08/2023","3.81","3.54","3.81","3.51","54.54M","8.24%"
"04/08/2023","3.52","3.43","3.52","3.38","15.06M","2.62%"
"03/08/2023","3.43","3.49","3.56","3.41","15.39M","-1.72%"
"02/08/2023","3.49","3.52","3.59","3.40","22.50M","0.87%"
"01/08/2023","3.46","3.47","3.48","3.32","14.74M","-0.29%"
"31/07/2023","3.47","3.55","3.62","3.41","17.92M","-1.98%"
"28/07/2023","3.54","3.53","3.62","3.49","17.41M","0.28%"
"27/07/2023","3.53","3.43","3.60","3.41","18.42M","2.92%"
"26/07/2023","3.43","3.42","3.49","3.33","15.78M","0.29%"
"25/07/2023","3.42","3.61","3.63","3.38","18.05M","-5.26%"
"24/07/2023","3.61","3.73","3.90","3.57","43.22M","-3.22%"
"21/07/2023","3.73","3.69","3.90","3.54","69.21M","5.37%"
"20/07/2023","3.54","3.32","3.54","3.32","23.11M","9.94%"
"19/07/2023","3.22","3.14","3.39","2.99","32.10M","2.55%"
"18/07/2023","3.14","3.10","3.34","2.96","44.39M","3.29%"
"17/07/2023","3.04","2.98","3.09","2.97","12.63M","2.70%"
"14/07/2023","2.96","2.95","3.01","2.86","7.19M","0.68%"
"13/07/2023","2.94","2.93","3.08","2.87","9.15M","0.34%"
"12/07/2023","2.93","3.01","3.01","2.91","7.83M","-2.66%"
"11/07/2023","3.01","3.13","3.16","2.98","9.77M","-2.27%"
"10/07/2023","3.08","2.98","3.13","2.98","14.37M","4.76%"
"07/07/2023","2.94","2.78","2.97","2.77","19.30M","6.52%"
"06/07/2023","2.76","2.70","2.77","2.70","8.48M","2.22%"
"05/07/2023","2.70","2.67","2.75","2.67","7.21M","1.50%"
"04/07/2023","2.66","2.70","2.73","2.64","7.12M","-1.48%"
"03/07/2023","2.70","2.63","2.74","2.62","9.11M","2.66%"
"27/06/2023","2.63","2.61","2.63","2.61","1.32M","0.77%"
"26/06/2023","2.61","2.56","2.64","2.56","3.06M","1.95%"
"23/06/2023","2.56","2.49","2.58","2.49","2.75M","2.81%"
"22/06/2023","2.49","2.40","2.50","2.40","2.46M","3.75%"
"21/06/2023","2.40","2.48","2.49","2.40","2.26M","-1.64%"
"20/06/2023","2.44","2.47","2.51","2.42","2.25M","-1.61%"
"19/06/2023","2.48","2.58","2.61","2.47","2.69M","-3.88%"
"16/06/2023","2.58","2.54","2.63","2.54","4.43M","1.57%"
"15/06/2023","2.54","2.51","2.57","2.51","2.47M","2.01%"
"14/06/2023","2.49","2.54","2.58","2.49","3.23M","-2.35%"
"13/06/2023","2.55","2.65","2.65","2.54","4.45M","-3.77%"
"12/06/2023","2.65","2.66","2.71","2.64","6.68M","0.38%"
"09/06/2023","2.64","2.64","2.65","2.61","3.47M","0.38%"
"08/06/2023","2.63","2.72","2.73","2.61","6.22M","-3.31%"
"07/06/2023","2.72","2.81","2.84","2.70","7.67M","-2.51%"
"06/06/2023","2.79","2.73","2.90","2.67","22.45M","2.20%"
"05/06/2023","2.73","2.65","2.73","2.61","9.56M","4.20%"
"02/06/2023","2.62","2.66","2.69","2.59","6.36M","-0.76%"
"01/06/2023","2.64","2.61","2.72","2.59","15.64M","2.33%"
"31/05/2023","2.58","2.51","2.59","2.43","9.38M","3.61%"
"30/05/2023","2.49","2.38","2.56","2.35","9.74M","4.62%"
"29/05/2023","2.38","2.28","2.40","2.28","4.34M","4.85%"
"26/05/2023","2.27","2.23","2.28","2.21","2.25M","2.71%"
"25/05/2023","2.21","2.23","2.24","2.21","1.58M","-0.90%"
"24/05/2023","2.23","2.22","2.26","2.19","1.94M","0.45%"
"23/05/2023","2.22","2.22","2.25","2.19","1.73M","0.00%"
"22/05/2023","2.22","2.28","2.32","2.20","2.49M","-3.06%"
"18/05/2023","2.29","2.30","2.31","2.22","3.13M","0.00%"
"17/05/2023","2.29","2.22","2.29","2.19","3.44M","3.62%"
"16/05/2023","2.21","2.14","2.22","2.13","3.61M","3.76%"
"15/05/2023","2.13","2.01","2.24","2.00","4.49M","0.00%"
"12/05/2023","2.13","2.12","2.17","2.04","4.46M","0.95%"
"11/05/2023","2.11","2.15","2.21","2.08","10.91M","4.98%"
"10/05/2023","2.01","2.03","2.05","2.00","1.50M","-0.99%"
"09/05/2023","2.03","2.10","2.11","2.03","1.95M","-2.40%"
"08/05/2023","2.08","2.07","2.11","2.05","2.15M","0.48%"
"05/05/2023","2.07","2.07","2.12","2.05","1.50M","0.00%"
"04/05/2023","2.07","2.03","2.12","2.01","2.00M","1.97%"
"03/05/2023","2.03","2.16","2.16","1.97","5.32M","-6.02%"
"02/05/2023","2.16","2.34","2.34","2.16","4.02M","-6.90%"
"28/04/2023","2.32","2.34","2.36","2.28","2.87M","-0.85%"
"27/04/2023","2.34","2.38","2.41","2.33","3.00M","-1.68%"
"26/04/2023","2.38","2.48","2.49","2.38","3.28M","-4.03%"
"25/04/2023","2.48","2.52","2.53","2.47","3.54M","-1.59%"
"24/04/2023","2.52","2.54","2.58","2.52","3.23M","-0.40%"
"20/04/2023","2.53","2.58","2.58","2.53","561.53K","-0.78%"
"19/04/2023","2.55","2.53","2.58","2.53","2.45M","1.19%"
"18/04/2023","2.52","2.55","2.65","2.52","5.35M","-0.79%"
"17/04/2023","2.54","2.59","2.61","2.46","4.45M","-1.93%"
"14/04/2023","2.59","2.64","2.68","2.59","5.47M","-1.89%"
"13/04/2023","2.64","2.68","2.70","2.64","4.78M","-1.49%"
"12/04/2023","2.68","2.72","2.72","2.67","6.16M","-1.47%"
"11/04/2023","2.72","2.63","2.73","2.62","9.03M","3.82%"
"10/04/2023","2.62","2.64","2.64","2.60","3.42M","1.16%"
"07/04/2023","2.59","2.64","2.64","2.53","3.60M","-1.89%"
"06/04/2023","2.64","2.59","2.74","2.58","12.21M","1.93%"
"05/04/2023","2.59","2.62","2.68","2.56","6.35M","1.17%"
"04/04/2023","2.56","2.51","2.62","2.49","5.26M","1.99%"
"03/04/2023","2.51","2.52","2.55","2.46","3.15M","-0.40%"
"31/03/2023","2.52","2.56","2.56","2.49","3.86M","-1.56%"
"30/03/2023","2.56","2.61","2.63","2.53","3.30M","-0.39%"
"29/03/2023","2.57","2.54","2.61","2.49","3.80M","1.18%"
"28/03/2023","2.54","2.66","2.66","2.54","4.31M","-4.51%"
"27/03/2023","2.66","2.61","2.69","2.61","6.42M","2.70%"
"24/03/2023","2.59","2.61","2.66","2.59","3.42M","-0.77%"
"23/03/2023","2.61","2.63","2.67","2.59","3.77M","-0.76%"
"22/03/2023","2.63","2.58","2.67","2.58","5.62M","2.33%"
"21/03/2023","2.57","2.61","2.64","2.54","5.98M","-3.02%"
"20/03/2023","2.65","2.65","2.74","2.60","15.34M","3.92%"
"17/03/2023","2.55","2.61","2.62","2.51","4.66M","-1.92%"
"16/03/2023","2.60","2.61","2.65","2.56","5.74M","-0.38%"
"15/03/2023","2.61","2.71","2.73","2.58","4.77M","-3.33%"
"14/03/2023","2.70","2.81","2.82","2.69","7.55M","-3.91%"
"13/03/2023","2.81","2.89","2.92","2.78","6.79M","-2.43%"
"10/03/2023","2.88","2.76","2.91","2.73","14.80M","4.35%"
"09/03/2023","2.76","2.67","2.82","2.66","12.32M","3.76%"
"08/03/2023","2.66","2.67","2.71","2.63","5.23M","-0.37%"
"07/03/2023","2.67","2.70","2.72","2.63","6.97M","-0.74%"
"06/03/2023","2.69","2.68","2.72","2.66","4.43M","0.37%"
"03/03/2023","2.68","2.79","2.79","2.59","7.48M","-3.94%"
"02/03/2023","2.79","2.61","2.79","2.59","9.26M","6.90%"
"01/03/2023","2.61","2.60","2.63","2.58","4.56M","0.77%"
"28/02/2023","2.59","2.61","2.64","2.57","4.36M","-0.77%"
"27/02/2023","2.61","2.57","2.66","2.56","3.63M","1.16%"
"24/02/2023","2.58","2.58","2.64","2.57","4.09M","0.00%"
"23/02/2023","2.58","2.52","2.61","2.51","4.15M","2.38%"
"22/02/2023","2.52","2.54","2.57","2.49","3.42M","-1.95%"
"21/02/2023","2.57","2.53","2.60","2.49","4.97M","1.18%"
"20/02/2023","2.54","2.46","2.56","2.46","3.79M","3.25%"
"17/02/2023","2.46","2.51","2.51","2.39","3.11M","-1.99%"
"16/02/2023","2.51","2.69","2.77","2.48","7.97M","-5.64%"
"15/02/2023","2.66","2.45","2.68","2.45","3.68M","8.57%"
"07/02/2023","2.45","2.72","2.72","2.45","4.99M","-9.93%"
"06/02/2023","2.72","2.83","2.83","2.64","2.54M","-3.55%"
"03/02/2023","2.82","2.70","2.82","2.69","5.17M","4.44%"
"02/02/2023","2.70","2.63","2.72","2.49","8.32M","2.66%"
"01/02/2023","2.63","2.79","2.81","2.61","6.67M","-5.73%"
"31/01/2023","2.79","2.88","2.88","2.73","8.81M","-4.12%"
"30/01/2023","2.91","3.00","3.03","2.88","4.77M","-2.68%"
"27/01/2023","2.99","2.94","2.99","2.86","6.50M","1.70%"
"26/01/2023","2.94","2.98","3.01","2.93","5.18M","-1.34%"
"25/01/2023","2.98","3.04","3.07","2.90","9.84M","-1.65%"
"24/01/2023","3.03","3.14","3.18","2.98","9.93M","-3.81%"
"23/01/2023","3.15","3.14","3.28","3.10","10.26M","0.32%"
"20/01/2023","3.14","3.08","3.18","3.08","7.40M","0.96%"
"19/01/2023","3.11","3.15","3.30","3.00","13.68M","-1.27%"
"18/01/2023","3.15","2.91","3.15","2.91","21.93M","8.62%"
"17/01/2023","2.90","2.96","2.97","2.88","7.26M","0.35%"
"16/01/2023","2.89","2.80","2.91","2.78","7.47M","3.21%"
"13/01/2023","2.80","2.78","2.85","2.65","6.77M","0.72%"
"12/01/2023","2.78","2.81","2.81","2.58","9.94M","3.73%"
"11/01/2023","2.68","2.93","3.00","2.67","8.62M","-8.53%"
"10/01/2023","2.93","3.09","3.13","2.89","10.94M","-4.25%"
"09/01/2023","3.06","3.23","3.26","3.06","10.17M","-5.56%"
"06/01/2023","3.24","3.18","3.28","3.02","13.93M","1.89%"
"05/01/2023","3.18","3.46","3.53","3.15","10.37M","-8.09%"
"04/01/2023","3.46","3.63","3.64","3.46","10.67M","-4.68%"
"03/01/2023","3.63","3.78","3.81","3.62","12.77M","-3.97%"
"02/01/2023","3.78","3.82","3.88","3.76","21.26M","1.61%"
"30/12/2022","3.72","3.53","3.73","3.48","27.12M","5.68%"
"29/12/2022","3.52","3.42","3.54","3.37","8.00M","2.92%"
"28/12/2022","3.42","3.61","3.62","3.32","9.84M","-3.93%"
"27/12/2022","3.56","3.66","3.82","3.51","23.76M","-2.47%"
"26/12/2022","3.65","3.68","3.74","3.57","16.60M","0.27%"
"23/12/2022","3.64","3.58","3.69","3.57","17.14M","1.96%"
"22/12/2022","3.57","3.56","3.62","3.55","9.55M","0.28%"
"21/12/2022","3.56","3.62","3.66","3.54","11.26M","-1.66%"
"20/12/2022","3.62","3.53","3.64","3.49","18.66M","4.32%"
"19/12/2022","3.47","3.46","3.52","3.44","9.18M","1.46%"
"16/12/2022","3.42","3.46","3.47","3.39","6.37M","-0.87%"
"15/12/2022","3.45","3.39","3.49","3.37","8.17M","1.77%"
"14/12/2022","3.39","3.57","3.57","3.39","11.12M","-4.24%"
"13/12/2022","3.54","3.56","3.61","3.50","9.98M","0.00%"
"12/12/2022","3.54","3.48","3.57","3.48","11.72M","2.31%"
"09/12/2022","3.46","3.40","3.52","3.40","8.76M","1.76%"
"08/12/2022","3.40","3.41","3.52","3.31","12.83M","-2.02%"
"07/12/2022","3.47","3.72","3.75","3.39","12.68M","-5.71%"
"06/12/2022","3.68","3.87","3.91","3.65","14.79M","-4.91%"
"05/12/2022","3.87","3.75","3.98","3.71","24.35M","5.45%"
"02/12/2022","3.67","3.72","3.76","3.63","27.03M","1.38%"
"01/12/2022","3.62","3.66","3.72","3.60","12.12M","0.28%"
"30/11/2022","3.61","3.67","3.74","3.61","16.59M","-1.63%"
"29/11/2022","3.67","3.86","3.89","3.64","20.24M","-4.92%"
"28/11/2022","3.86","3.77","4.07","3.77","37.63M","4.32%"
"25/11/2022","3.70","3.59","3.81","3.58","19.97M","3.06%"
"24/11/2022","3.59","3.52","3.69","3.52","22.73M","2.57%"
"23/11/2022","3.50","3.54","3.57","3.42","13.10M","-0.85%"
"22/11/2022","3.53","3.58","3.70","3.46","17.80M","-0.28%"
"21/11/2022","3.54","3.34","3.57","3.34","19.53M","6.95%"
"18/11/2022","3.31","3.32","3.38","3.20","16.06M","-0.30%"
"17/11/2022","3.32","3.42","3.46","3.12","20.04M","-0.90%"
"16/11/2022","3.35","3.51","3.63","3.29","45.02M","-1.76%"
"15/11/2022","3.41","3.10","3.41","3.10","43.05M","10.00%"
"14/11/2022","3.10","2.92","3.12","2.92","35.66M","6.16%"
"11/11/2022","2.92","2.98","3.00","2.91","8.72M","-1.68%"
"10/11/2022","2.97","2.88","3.00","2.88","17.17M","3.12%"
"09/11/2022","2.88","2.93","2.97","2.88","10.15M","-1.71%"
"08/11/2022","2.93","3.02","3.02","2.91","13.34M","-2.66%"
"07/11/2022","3.01","3.06","3.08","3.00","15.93M","-1.31%"
"04/11/2022","3.05","3.04","3.07","3.03","14.88M","0.33%"
"03/11/2022","3.04","3.06","3.10","3.03","13.75M","-0.65%"
"02/11/2022","3.06","3.03","3.11","3.00","23.36M","1.32%"
"01/11/2022","3.02","3.04","3.07","2.98","23.98M","0.00%"
"31/10/2022","3.02","2.94","3.06","2.92","17.31M","2.72%"
"28/10/2022","2.94","2.91","2.97","2.91","3.84M","1.03%"
"27/10/2022","2.91","2.99","3.00","2.90","7.60M","-2.35%"
"26/10/2022","2.98","2.97","3.04","2.94","7.41M","0.68%"
"25/10/2022","2.96","3.08","3.11","2.93","18.48M","-3.90%"
"24/10/2022","3.08","3.02","3.20","3.01","36.71M","2.67%"
"21/10/2022","3.00","2.91","3.03","2.91","17.86M","3.09%"
"20/10/2022","2.91","2.95","2.98","2.89","16.09M","-0.68%"
"19/10/2022","2.93","2.83","2.95","2.83","23.30M","3.90%"
"18/10/2022","2.82","2.88","2.91","2.79","16.59M","-1.74%"
"17/10/2022","2.87","2.88","2.92","2.84","14.74M","1.06%"
"14/10/2022","2.84","2.83","2.91","2.80","22.88M","1.43%"
"13/10/2022","2.80","2.74","2.86","2.70","19.73M","2.19%"
"12/10/2022","2.74","2.76","2.87","2.69","33.61M","0.00%"
"11/10/2022","2.74","2.58","2.82","2.57","28.90M","6.20%"
"10/10/2022","2.58","2.50","2.59","2.50","20.92M","3.20%"
"07/10/2022","2.50","2.52","2.54","2.49","11.69M","-0.40%"
"06/10/2022","2.51","2.49","2.55","2.49","13.92M","1.21%"
"05/10/2022","2.48","2.49","2.52","2.48","9.77M","0.00%"
"04/10/2022","2.48","2.47","2.52","2.46","11.13M","0.40%"
"03/10/2022","2.47","2.47","2.48","2.44","8.68M","0.00%"
"30/09/2022","2.47","2.43","2.47","2.40","6.33M","1.65%"
"29/09/2022","2.43","2.47","2.48","2.37","7.62M","-1.62%"
"28/09/2022","2.47","2.52","2.52","2.45","9.89M","-1.98%"
"27/09/2022","2.52","2.65","2.67","2.52","13.71M","-3.82%"
"26/09/2022","2.62","2.56","2.62","2.53","22.35M","3.97%"
"23/09/2022","2.52","2.46","2.55","2.44","26.27M","2.44%"
"22/09/2022","2.46","2.47","2.47","2.44","7.13M","-0.81%"
"21/09/2022","2.48","2.46","2.51","2.43","11.03M","0.81%"
"20/09/2022","2.46","2.46","2.49","2.39","9.68M","0.41%"
"19/09/2022","2.45","2.42","2.54","2.42","17.92M","1.24%"
"16/09/2022","2.42","2.42","2.42","2.39","6.39M","0.00%"
"15/09/2022","2.42","2.42","2.44","2.39","11.99M","0.41%"
"14/09/2022","2.41","2.38","2.46","2.36","10.74M","0.84%"
"13/09/2022","2.39","2.48","2.51","2.39","15.50M","-3.63%"
"12/09/2022","2.48","2.44","2.50","2.42","22.86M","2.90%"
"09/09/2022","2.41","2.37","2.42","2.37","9.00M","1.69%"
"08/09/2022","2.37","2.38","2.42","2.37","9.55M","0.42%"
"07/09/2022","2.36","2.40","2.40","2.30","8.31M","-1.26%"
"06/09/2022","2.39","2.44","2.46","2.39","11.00M","-2.05%"
"05/09/2022","2.44","2.43","2.46","2.42","11.27M","0.41%"
"02/09/2022","2.43","2.43","2.45","2.42","5.77M","0.41%"
"01/09/2022","2.42","2.45","2.46","2.41","6.11M","-1.22%"
"31/08/2022","2.45","2.44","2.48","2.43","9.61M","1.24%"
"29/08/2022","2.42","2.48","2.48","2.40","10.89M","-2.42%"
"26/08/2022","2.48","2.50","2.51","2.47","8.31M","-0.80%"
"25/08/2022","2.50","2.49","2.51","2.47","10.18M","1.21%"
"24/08/2022","2.47","2.55","2.56","2.46","12.03M","-2.76%"
"23/08/2022","2.54","2.58","2.60","2.52","16.60M","-1.17%"
"22/08/2022","2.57","2.55","2.65","2.54","28.14M","2.80%"
"19/08/2022","2.50","2.44","2.51","2.39","31.28M","3.31%"
"18/08/2022","2.42","2.38","2.43","2.31","19.11M","2.11%"
"17/08/2022","2.37","2.37","2.39","2.36","8.98M","0.00%"
"16/08/2022","2.37","2.38","2.42","2.31","16.59M","0.00%"
"15/08/2022","2.37","2.36","2.39","2.34","12.14M","1.28%"
"12/08/2022","2.34","2.37","2.37","2.34","5.52M","-0.85%"
"11/08/2022","2.36","2.36","2.38","2.35","7.52M","0.00%"
"10/08/2022","2.36","2.38","2.39","2.35","6.41M","-0.84%"
"09/08/2022","2.38","2.37","2.40","2.35","12.93M","0.85%"
"08/08/2022","2.36","2.34","2.38","2.33","13.79M","1.29%"
"05/08/2022","2.33","2.32","2.34","2.30","8.71M","0.87%"
"04/08/2022","2.31","2.34","2.34","2.29","9.74M","-0.86%"
"03/08/2022","2.33","2.30","2.36","2.30","8.91M","1.30%"
"02/08/2022","2.30","2.37","2.38","2.30","12.21M","-2.95%"
"01/08/2022","2.37","2.46","2.47","2.37","14.32M","-3.66%"
"29/07/2022","2.46","2.49","2.49","2.44","4.04M","-0.81%"
"28/07/2022","2.48","2.50","2.53","2.47","5.46M","-0.40%"
"27/07/2022","2.49","2.49","2.58","2.46","9.71M","0.00%"
"26/07/2022","2.49","2.54","2.54","2.44","12.85M","-1.97%"
"25/07/2022","2.54","2.62","2.64","2.51","10.30M","-3.05%"
"22/07/2022","2.62","2.56","2.68","2.53","26.05M","5.22%"
"21/07/2022","2.49","2.41","2.54","2.41","20.54M","3.32%"
"20/07/2022","2.41","2.43","2.45","2.39","4.63M","-0.41%"
"19/07/2022","2.42","2.38","2.44","2.35","9.88M","2.11%"
"18/07/2022","2.37","2.37","2.42","2.37","6.33M","0.00%"
"14/07/2022","2.37","2.35","2.39","2.35","4.99M","0.85%"
"13/07/2022","2.35","2.34","2.38","2.33","4.43M","0.43%"
"08/07/2022","2.34","2.34","2.36","2.32","1.58M","0.86%"
"07/07/2022","2.32","2.31","2.35","2.29","6.34M","1.31%"
"06/07/2022","2.29","2.26","2.31","2.24","6.93M","1.78%"
"05/07/2022","2.25","2.32","2.33","2.25","5.30M","-2.60%"
"04/07/2022","2.31","2.37","2.38","2.30","6.55M","-2.12%"
"01/07/2022","2.36","2.31","2.38","2.31","7.52M","2.16%"
"30/06/2022","2.31","2.32","2.34","2.29","4.63M","-0.43%"
"29/06/2022","2.32","2.36","2.38","2.32","5.86M","-1.69%"
"28/06/2022","2.36","2.48","2.48","2.36","9.16M","-2.48%"
"27/06/2022","2.42","2.38","2.45","2.35","12.18M","0.41%"
"24/06/2022","2.41","2.36","2.43","2.35","12.65M","2.55%"
"23/06/2022","2.35","2.35","2.37","2.33","6.15M","0.43%"
"22/06/2022","2.34","2.37","2.38","2.34","6.92M","-1.27%"
"21/06/2022","2.37","2.30","2.43","2.29","16.00M","3.49%"
"20/06/2022","2.29","2.33","2.36","2.29","7.35M","-1.72%"
"17/06/2022","2.33","2.33","2.36","2.31","6.34M","0.43%"
"16/06/2022","2.32","2.39","2.41","2.31","13.00M","-2.52%"
"15/06/2022","2.38","2.48","2.52","2.38","62.26M","3.93%"
"14/06/2022","2.29","2.29","2.33","2.29","3.03M","0.00%"
"13/06/2022","2.29","2.30","2.35","2.28","3.43M","-0.43%"
"10/06/2022","2.30","2.33","2.34","2.30","2.37M","-1.29%"
"09/06/2022","2.33","2.35","2.39","2.29","5.45M","-0.85%"
"08/06/2022","2.35","2.45","2.46","2.33","4.98M","-4.08%"
"07/06/2022","2.45","2.51","2.51","2.44","3.73M","-1.61%"
"06/06/2022","2.49","2.41","2.50","2.41","6.76M","3.32%"
"03/06/2022","2.41","2.43","2.44","2.38","2.96M","-0.41%"
"02/06/2022","2.42","2.38","2.44","2.38","4.92M","2.11%"
"01/06/2022","2.37","2.40","2.40","2.36","3.52M","-0.84%"
"31/05/2022","2.39","2.44","2.44","2.39","3.16M","-1.24%"
"30/05/2022","2.42","2.40","2.47","2.40","4.22M","0.83%"
"27/05/2022","2.40","2.38","2.50","2.38","7.77M","0.84%"
"26/05/2022","2.38","2.44","2.45","2.37","5.18M","-2.46%"
"25/05/2022","2.44","2.51","2.58","2.42","9.74M","-2.79%"
"24/05/2022","2.51","2.34","2.57","2.34","25.63M","7.26%"
"23/05/2022","2.34","2.35","2.42","2.33","4.04M","-0.43%"
"20/05/2022","2.35","2.39","2.40","2.34","3.87M","-2.08%"
"18/05/2022","2.40","2.42","2.44","2.38","3.95M","-0.41%"
"17/05/2022","2.41","2.41","2.49","2.41","5.09M","0.00%"
"16/05/2022","2.41","2.51","2.53","2.41","4.95M","-2.43%"
"13/05/2022","2.47","2.49","2.50","2.41","2.95M","0.41%"
"12/05/2022","2.46","2.60","2.60","2.45","5.20M","-5.38%"
"11/05/2022","2.60","2.67","2.70","2.58","5.42M","-4.06%"
"10/05/2022","2.71","2.68","2.76","2.67","4.85M","1.50%"
"09/05/2022","2.67","2.70","2.72","2.65","3.04M","-1.11%"
"06/05/2022","2.70","2.72","2.72","2.69","2.73M","-1.10%"
"05/05/2022","2.73","2.69","2.79","2.68","4.46M","2.25%"
"29/04/2022","2.67","2.66","2.70","2.64","2.53M","0.38%"
"28/04/2022","2.66","2.67","2.72","2.62","3.91M","1.14%"
"27/04/2022","2.63","2.68","2.77","2.61","6.91M","-1.87%"
"26/04/2022","2.68","2.73","2.81","2.66","4.55M","-1.83%"
"25/04/2022","2.73","2.84","2.89","2.72","4.99M","-4.21%"
"22/04/2022","2.85","2.97","2.98","2.84","6.13M","-4.04%"
"21/04/2022","2.97","2.85","2.99","2.85","8.69M","4.21%"
"20/04/2022","2.85","2.87","2.88","2.83","3.37M","-0.70%"
"19/04/2022","2.87","2.90","2.92","2.84","3.60M","-1.37%"
"18/04/2022","2.91","2.92","2.96","2.86","6.17M","-0.34%"
"15/04/2022","2.92","2.93","2.94","2.91","2.63M","-0.68%"
"14/04/2022","2.94","2.91","2.99","2.88","4.19M","1.03%"
"13/04/2022","2.91","2.98","3.01","2.91","8.73M","-3.64%"
"12/04/2022","3.02","3.16","3.16","3.02","6.63M","-4.13%"
"11/04/2022","3.15","3.21","3.24","3.13","4.80M","-1.87%"
"08/04/2022","3.21","3.24","3.28","3.18","4.41M","0.94%"
"07/04/2022","3.18","3.20","3.29","3.18","4.19M","0.32%"
"06/04/2022","3.17","3.23","3.44","3.14","9.90M","-1.86%"
"05/04/2022","3.23","3.30","3.32","3.19","3.54M","-1.82%"
"04/04/2022","3.29","3.10","3.42","3.10","7.17M","-4.64%"
"01/04/2022","3.45","3.54","3.60","3.42","3.53M","-1.99%"
"31/03/2022","3.52","3.44","3.57","3.35","2.80M","1.73%"
"30/03/2022","3.46","3.53","3.54","3.45","1.66M","-2.26%"
"29/03/2022","3.54","3.62","3.63","3.45","3.21M","-2.21%"
"28/03/2022","3.62","3.61","3.78","3.57","4.07M","3.43%"
"25/03/2022","3.50","3.35","3.56","3.34","4.20M","4.79%"
"24/03/2022","3.34","3.25","3.39","3.21","3.27M","2.77%"
"23/03/2022","3.25","3.16","3.34","3.16","2.57M","2.85%"
"22/03/2022","3.16","3.19","3.24","3.12","2.33M","-0.94%"
"21/03/2022","3.19","3.23","3.30","3.16","2.46M","0.00%"
"18/03/2022","3.19","3.09","3.24","3.06","1.66M","3.24%"
"17/03/2022","3.09","3.07","3.11","3.04","855.45K","0.65%"
"16/03/2022","3.07","3.12","3.13","3.05","1.10M","0.00%"
"15/03/2022","3.07","3.19","3.19","3.07","1.84M","-4.06%"
"14/03/2022","3.20","3.21","3.32","3.18","1.52M","-1.23%"
"11/03/2022","3.24","3.37","3.39","3.18","2.77M","-2.41%"
"10/03/2022","3.32","3.04","3.32","3.01","5.51M","9.93%"
"09/03/2022","3.02","2.97","3.08","2.97","1.55M","-0.98%"
"08/03/2022","3.05","3.13","3.17","2.97","1.53M","-2.56%"
"07/03/2022","3.13","3.15","3.26","3.06","1.77M","-0.63%"
"04/03/2022","3.15","3.16","3.24","3.06","2.02M","-2.78%"
"03/03/2022","3.24","3.42","3.49","3.20","4.13M","-4.71%"
"02/03/2022","3.40","3.16","3.42","3.13","5.14M","8.63%"
"01/03/2022","3.13","2.86","3.13","2.86","3.79M","9.82%"
"28/02/2022","2.85","2.99","3.03","2.83","5.72M","-6.56%"
"25/02/2022","3.05","2.98","3.15","2.88","9.71M","2.35%"
"24/02/2022","2.98","3.03","3.26","2.98","4.80M","-9.70%"
"23/02/2022","3.30","3.42","3.53","3.27","13.98M","-2.65%"
"22/02/2022","3.39","3.21","3.58","3.17","25.56M","3.67%"
"21/02/2022","3.27","2.97","3.27","2.97","16.67M","10.10%"
"18/02/2022","2.97","3.22","3.25","2.91","8.11M","-7.48%"
"17/02/2022","3.21","3.27","3.32","3.20","7.73M","-1.53%"
"16/02/2022","3.26","3.32","3.37","3.13","9.86M","-1.21%"
"15/02/2022","3.30","3.35","3.51","3.22","15.13M","-2.37%"
"14/02/2022","3.38","3.38","3.64","3.25","32.84M","0.60%"
"11/02/2022","3.36","3.26","3.39","3.24","22.61M","3.07%"
"10/02/2022","3.26","3.15","3.39","3.09","29.95M","2.84%"
"09/02/2022","3.17","3.17","3.17","3.03","51.73M","10.07%"
"08/02/2022","2.88","2.88","2.88","2.88","3.78M","9.92%"
"07/02/2022","2.62","2.38","2.62","2.38","12.41M","10.08%"
"04/02/2022","2.38","2.36","2.41","2.33","4.80M","0.42%"
"03/02/2022","2.37","2.43","2.43","2.33","4.56M","-2.47%"
"02/02/2022","2.43","2.35","2.48","2.34","12.32M","4.29%"
"01/02/2022","2.33","2.36","2.38","2.31","2.87M","-1.27%"
"31/01/2022","2.36","2.30","2.38","2.29","4.51M","3.06%"
"28/01/2022","2.29","2.29","2.32","2.28","2.41M","0.44%"
"27/01/2022","2.28","2.25","2.32","2.22","3.18M","1.33%"
"26/01/2022","2.25","2.21","2.29","2.19","3.70M","2.74%"
"25/01/2022","2.19","2.19","2.24","2.14","2.92M","0.00%"
"24/01/2022","2.19","2.30","2.31","2.15","3.31M","-4.78%"
"21/01/2022","2.30","2.26","2.31","2.26","1.73M","0.44%"
"20/01/2022","2.29","2.29","2.33","2.26","3.46M","0.00%"
"19/01/2022","2.29","2.33","2.35","2.23","5.28M","-1.72%"
"18/01/2022","2.33","2.38","2.38","2.32","3.60M","-2.10%"
"17/01/2022","2.38","2.42","2.43","2.36","3.93M","-0.83%"
"14/01/2022","2.40","2.43","2.43","2.35","2.65M","-1.23%"
"13/01/2022","2.43","2.32","2.44","2.31","6.12M","4.29%"
"12/01/2022","2.33","2.31","2.39","2.31","3.71M","0.87%"
"11/01/2022","2.31","2.35","2.37","2.30","2.03M","-1.70%"
"10/01/2022","2.35","2.32","2.37","2.29","3.66M","1.73%"
"07/01/2022","2.31","2.34","2.35","2.29","1.79M","-0.86%"
"06/01/2022","2.33","2.37","2.38","2.32","2.30M","-1.69%"
"05/01/2022","2.37","2.38","2.42","2.36","3.76M","0.00%"
"04/01/2022","2.37","2.45","2.46","2.36","5.12M","-2.87%"
"03/01/2022","2.44","2.53","2.57","2.43","6.30M","-3.17%"
"31/12/2021","2.52","2.41","2.59","2.34","15.70M","4.56%"
"30/12/2021","2.41","2.20","2.41","2.19","16.22M","10.05%"
"29/12/2021","2.19","2.24","2.24","2.18","2.08M","-2.23%"
"28/12/2021","2.24","2.26","2.31","2.21","2.83M","-0.88%"
"27/12/2021","2.26","2.27","2.30","2.23","2.73M","-0.44%"
"24/12/2021","2.27","2.22","2.28","2.18","2.04M","2.71%"
"23/12/2021","2.21","2.23","2.26","2.14","2.51M","-0.45%"
"22/12/2021","2.22","2.25","2.29","2.18","2.46M","-1.33%"
"21/12/2021","2.25","2.36","2.36","2.16","2.91M","0.45%"
"20/12/2021","2.24","2.33","2.40","2.16","5.36M","-4.27%"
"17/12/2021","2.34","2.53","2.60","2.29","12.27M","-7.14%"
"16/12/2021","2.52","2.43","2.53","2.43","4.53M","3.70%"
"15/12/2021","2.43","2.51","2.52","2.42","3.39M","-3.19%"
"14/12/2021","2.51","2.54","2.56","2.48","4.41M","-0.40%"
"13/12/2021","2.52","2.48","2.55","2.45","5.99M","2.02%"
"10/12/2021","2.47","2.49","2.50","2.41","3.97M","-1.20%"
"09/12/2021","2.50","2.50","2.52","2.48","5.48M","0.00%"
"08/12/2021","2.50","2.54","2.55","2.48","6.50M","-1.96%"
"07/12/2021","2.55","2.64","2.67","2.55","6.71M","-3.41%"
"06/12/2021","2.64","2.60","2.65","2.54","8.22M","2.33%"
"03/12/2021","2.58","2.55","2.60","2.52","6.35M","1.18%"
"02/12/2021","2.55","2.47","2.56","2.46","9.92M","2.82%"
"01/12/2021","2.48","2.40","2.48","2.40","5.20M","3.33%"
"30/11/2021","2.40","2.40","2.44","2.36","4.28M","0.42%"
"29/11/2021","2.39","2.33","2.39","2.29","4.81M","2.58%"
"26/11/2021","2.33","2.37","2.38","2.30","3.16M","-1.69%"
"25/11/2021","2.37","2.43","2.43","2.36","4.23M","-1.25%"
"24/11/2021","2.40","2.37","2.43","2.36","6.34M","1.69%"
"23/11/2021","2.36","2.44","2.45","2.31","7.30M","-2.07%"
"22/11/2021","2.41","2.35","2.44","2.35","6.64M","2.99%"
"19/11/2021","2.34","2.27","2.36","2.27","7.73M","4.00%"
"18/11/2021","2.25","2.13","2.28","2.11","9.70M","5.63%"
"17/11/2021","2.13","2.13","2.18","2.11","3.69M","0.00%"
"16/11/2021","2.13","2.18","2.18","2.12","3.30M","-2.29%"
"15/11/2021","2.18","2.15","2.28","2.14","9.29M","1.87%"
"12/11/2021","2.14","2.16","2.20","2.12","3.48M","-0.93%"
"11/11/2021","2.16","2.23","2.24","2.16","2.59M","-2.70%"
"10/11/2021","2.22","2.28","2.30","2.20","5.45M","-4.31%"
"09/11/2021","2.32","2.37","2.38","2.32","3.62M","-1.69%"
"08/11/2021","2.36","2.35","2.40","2.35","3.48M","1.72%"
"05/11/2021","2.32","2.39","2.39","2.28","4.16M","-2.11%"
"04/11/2021","2.37","2.40","2.45","2.35","5.54M","-0.84%"
"03/11/2021","2.39","2.27","2.40","2.18","15.41M","5.29%"
"02/11/2021","2.27","2.24","2.28","2.22","4.79M","1.79%"
"01/11/2021","2.23","2.19","2.29","2.19","8.68M","1.83%"
"28/10/2021","2.19","2.20","2.21","2.17","2.42M","-0.90%"
"27/10/2021","2.21","2.14","2.24","2.14","10.03M","3.27%"
"26/10/2021","2.14","2.15","2.18","2.14","3.33M","0.00%"
"25/10/2021","2.14","2.13","2.17","2.09","3.96M","0.47%"
"22/10/2021","2.13","2.09","2.14","2.09","3.00M","1.43%"
"21/10/2021","2.10","2.11","2.11","2.05","2.73M","0.48%"
"20/10/2021","2.09","2.14","2.15","2.09","3.86M","-1.42%"
"19/10/2021","2.12","2.04","2.16","2.04","10.11M","3.92%"
"18/10/2021","2.04","2.04","2.05","2.03","2.59M","0.49%"
"15/10/2021","2.03","2.07","2.07","2.03","1.84M","-1.46%"
"14/10/2021","2.06","2.10","2.10","2.05","1.61M","-0.96%"
"13/10/2021","2.08","2.07","2.12","2.07","3.60M","0.48%"
"12/10/2021","2.07","2.08","2.11","2.07","1.87M","-0.96%"
"11/10/2021","2.09","2.07","2.19","2.05","8.45M","1.95%"
"08/10/2021","2.05","2.04","2.07","2.03","2.17M","0.49%"
"07/10/2021","2.04","2.04","2.06","2.03","2.13M","0.49%"
"06/10/2021","2.03","2.09","2.10","2.03","2.62M","-3.33%"
"05/10/2021","2.10","2.13","2.14","2.10","1.54M","-1.41%"
"04/10/2021","2.13","2.11","2.15","2.11","2.57M","0.95%"
"01/10/2021","2.11","2.14","2.14","2.10","2.16M","-1.40%"
"30/09/2021","2.14","2.11","2.16","2.09","3.29M","1.90%"
"29/09/2021","2.10","2.09","2.12","2.09","1.99M","0.48%"
"28/09/2021","2.09","2.13","2.14","2.08","2.30M","-1.88%"
"27/09/2021","2.13","2.11","2.15","2.11","1.56M","0.95%"
"24/09/2021","2.11","2.12","2.15","2.11","1.84M","-1.40%"
"23/09/2021","2.14","2.13","2.18","2.12","3.52M","0.47%"
"22/09/2021","2.13","2.14","2.16","2.09","3.07M","-0.47%"
"21/09/2021","2.14","2.16","2.18","2.14","1.74M","-0.93%"
"20/09/2021","2.16","2.22","2.22","2.16","2.47M","-3.57%"
"17/09/2021","2.24","2.30","2.30","2.23","2.84M","-1.75%"
"16/09/2021","2.28","2.31","2.34","2.27","4.03M","-1.30%"
"15/09/2021","2.31","2.33","2.36","2.31","3.57M","-0.86%"
"14/09/2021","2.33","2.35","2.36","2.33","2.24M","-0.85%"
"13/09/2021","2.35","2.35","2.37","2.33","3.10M","0.00%"
"10/09/2021","2.35","2.38","2.39","2.34","2.81M","-1.26%"
"09/09/2021","2.38","2.33","2.38","2.31","2.67M","1.71%"
"08/09/2021","2.34","2.40","2.41","2.34","3.35M","-2.90%"
"07/09/2021","2.41","2.44","2.48","2.41","5.05M","-0.82%"
"06/09/2021","2.43","2.43","2.45","2.40","4.03M","0.83%"
"03/09/2021","2.41","2.40","2.42","2.38","3.25M","0.42%"
"02/09/2021","2.40","2.40","2.43","2.40","3.38M","0.00%"
"01/09/2021","2.40","2.37","2.41","2.37","5.75M","1.27%"
"31/08/2021","2.37","2.38","2.39","2.35","2.58M","0.00%"
"27/08/2021","2.37","2.36","2.37","2.34","1.23M","0.85%"
"26/08/2021","2.35","2.38","2.40","2.34","1.93M","-0.84%"
"25/08/2021","2.37","2.42","2.45","2.33","4.56M","-2.07%"
"24/08/2021","2.42","2.44","2.46","2.42","1.98M","-0.82%"
"23/08/2021","2.44","2.41","2.50","2.41","5.78M","1.24%"
"20/08/2021","2.41","2.43","2.45","2.40","1.88M","-0.82%"
"19/08/2021","2.43","2.43","2.45","2.40","3.12M","0.00%"
"18/08/2021","2.43","2.47","2.48","2.43","5.08M","-3.19%"
"17/08/2021","2.51","2.48","2.53","2.46","5.71M","1.21%"
"16/08/2021","2.48","2.46","2.51","2.46","2.22M","0.81%"
"13/08/2021","2.46","2.47","2.49","2.44","1.54M","-0.40%"
"12/08/2021","2.47","2.45","2.52","2.43","3.68M","2.07%"
"11/08/2021","2.42","2.50","2.52","2.41","3.37M","-3.20%"
"10/08/2021","2.50","2.59","2.62","2.48","5.95M","-2.72%"
"09/08/2021","2.57","2.51","2.59","2.49","6.99M","3.21%"
"06/08/2021","2.49","2.49","2.54","2.49","4.69M","0.40%"
"05/08/2021","2.48","2.47","2.51","2.46","4.69M","0.40%"
"04/08/2021","2.47","2.43","2.49","2.43","3.51M","1.65%"
"03/08/2021","2.43","2.42","2.46","2.42","2.89M","0.41%"
"02/08/2021","2.42","2.45","2.46","2.33","3.09M","-0.82%"
"30/07/2021","2.44","2.47","2.48","2.43","3.26M","-1.21%"
"29/07/2021","2.47","2.51","2.53","2.46","4.35M","-0.40%"
"28/07/2021","2.48","2.52","2.57","2.48","5.56M","-0.80%"
"27/07/2021","2.50","2.51","2.61","2.49","5.60M","0.40%"
"26/07/2021","2.49","2.48","2.63","2.42","18.49M","1.63%"
"19/07/2021","2.45","2.37","2.45","2.37","1.47M","2.94%"
"16/07/2021","2.38","2.39","2.40","2.34","2.22M","0.00%"
"14/07/2021","2.38","2.35","2.39","2.35","1.99M","1.28%"
"13/07/2021","2.35","2.32","2.38","2.30","3.64M","1.29%"
"12/07/2021","2.32","2.42","2.43","2.31","1.96M","-3.73%"
"09/07/2021","2.41","2.43","2.46","2.39","3.42M","-0.41%"
"08/07/2021","2.42","2.49","2.49","2.41","2.67M","-2.81%"
"07/07/2021","2.49","2.51","2.52","2.49","1.67M","-0.40%"
"06/07/2021","2.50","2.50","2.53","2.47","3.89M","0.00%"
"05/07/2021","2.50","2.44","2.51","2.44","2.95M","2.46%"
"02/07/2021","2.44","2.48","2.53","2.41","2.79M","-1.61%"
"01/07/2021","2.48","2.54","2.54","2.46","2.19M","-1.98%"
"30/06/2021","2.53","2.58","2.61","2.48","2.99M","-1.94%"
"29/06/2021","2.58","2.51","2.68","2.51","8.25M","2.79%"
"28/06/2021","2.51","2.65","2.68","2.51","4.89M","-4.92%"
"25/06/2021","2.64","2.49","2.72","2.48","16.84M","6.88%"
"24/06/2021","2.47","2.51","2.52","2.45","2.45M","-1.20%"
"23/06/2021","2.50","2.40","2.55","2.40","4.44M","4.60%"
"22/06/2021","2.39","2.32","2.42","2.32","2.44M","3.02%"
"21/06/2021","2.32","2.34","2.34","2.27","2.81M","-0.85%"
"18/06/2021","2.34","2.41","2.44","2.33","2.48M","-2.50%"
"17/06/2021","2.40","2.45","2.46","2.40","2.34M","-2.04%"
"16/06/2021","2.45","2.53","2.53","2.45","1.76M","-2.00%"
"15/06/2021","2.50","2.52","2.54","2.46","3.11M","-0.79%"
"14/06/2021","2.52","2.54","2.58","2.52","3.46M","-0.79%"
"11/06/2021","2.54","2.56","2.57","2.53","2.59M","-0.39%"
"10/06/2021","2.55","2.59","2.60","2.55","2.82M","-1.54%"
"09/06/2021","2.59","2.63","2.65","2.58","2.94M","-1.15%"
"08/06/2021","2.62","2.62","2.66","2.60","3.30M","0.38%"
"07/06/2021","2.61","2.59","2.63","2.58","2.76M","0.77%"
"04/06/2021","2.59","2.60","2.61","2.58","2.28M","-0.38%"
"03/06/2021","2.60","2.64","2.68","2.57","4.22M","-1.52%"
"02/06/2021","2.64","2.61","2.68","2.60","2.43M","-0.38%"
"01/06/2021","2.65","2.64","2.76","2.64","7.25M","1.53%"
"31/05/2021","2.61","2.65","2.71","2.58","3.53M","-1.14%"
"28/05/2021","2.64","2.62","2.70","2.59","3.78M","-2.94%"
"27/05/2021","2.72","2.62","2.81","2.60","6.94M","3.82%"
"26/05/2021","2.62","2.69","2.71","2.58","3.15M","-1.13%"
"25/05/2021","2.65","2.88","2.88","2.65","3.81M","-7.67%"
"24/05/2021","2.87","2.94","2.95","2.86","2.80M","-2.38%"
"21/05/2021","2.94","2.97","3.02","2.92","2.99M","-0.68%"
"20/05/2021","2.96","2.94","2.99","2.91","2.69M","1.02%"
"18/05/2021","2.93","2.89","2.99","2.88","3.38M","1.38%"
"17/05/2021","2.89","2.88","2.91","2.88","2.00M","0.35%"
"12/05/2021","2.88","2.90","2.92","2.87","763.02K","-0.35%"
"11/05/2021","2.89","2.90","2.94","2.85","1.79M","-2.03%"
"10/05/2021","2.95","2.91","2.99","2.91","2.66M","1.37%"
"07/05/2021","2.91","2.95","2.97","2.82","2.43M","-0.68%"
"06/05/2021","2.93","2.99","3.06","2.93","3.84M","-2.01%"
"05/05/2021","2.99","2.98","3.02","2.90","2.49M","0.67%"
"04/05/2021","2.97","3.05","3.11","2.96","4.75M","-1.98%"
"03/05/2021","3.03","2.90","3.04","2.90","4.99M","4.48%"
"30/04/2021","2.90","2.82","2.92","2.81","2.79M","2.84%"
"29/04/2021","2.82","2.79","2.91","2.79","3.35M","1.44%"
"28/04/2021","2.78","2.81","2.82","2.74","2.10M","-0.36%"
"27/04/2021","2.79","2.76","2.84","2.76","2.74M","0.36%"
"26/04/2021","2.78","2.62","2.79","2.59","3.51M","5.70%"
"22/04/2021","2.63","2.51","2.66","2.41","3.65M","2.33%"
"21/04/2021","2.57","2.70","2.72","2.43","5.08M","-5.17%"
"20/04/2021","2.71","2.85","2.87","2.69","4.21M","-5.24%"
"19/04/2021","2.86","3.05","3.06","2.85","3.55M","-5.92%"
"16/04/2021","3.04","3.02","3.08","3.01","2.46M","0.66%"
"15/04/2021","3.02","3.12","3.13","2.99","3.38M","-2.58%"
"14/04/2021","3.10","3.05","3.13","3.05","3.12M","2.99%"
"13/04/2021","3.01","3.11","3.13","2.95","7.85M","-3.22%"
"12/04/2021","3.11","3.24","3.26","3.08","4.19M","-4.01%"
"09/04/2021","3.24","3.32","3.43","3.20","10.04M","-2.41%"
"08/04/2021","3.32","3.30","3.38","3.30","6.93M","0.91%"
"07/04/2021","3.29","3.34","3.35","3.26","2.97M","-1.20%"
"06/04/2021","3.33","3.44","3.45","3.32","3.96M","-2.92%"
"05/04/2021","3.43","3.32","3.44","3.32","5.70M","3.94%"
"02/04/2021","3.30","3.36","3.41","3.29","4.72M","-0.60%"
"01/04/2021","3.32","3.20","3.37","3.20","6.30M","4.08%"
"31/03/2021","3.19","3.19","3.23","3.18","4.03M","0.31%"
"30/03/2021","3.18","3.16","3.22","3.14","4.60M","0.32%"
"29/03/2021","3.17","3.25","3.27","3.17","3.39M","-1.25%"
"26/03/2021","3.21","3.17","3.25","3.14","7.08M","1.58%"
"25/03/2021","3.16","3.25","3.34","3.16","9.95M","-2.77%"
"24/03/2021","3.25","3.15","3.29","3.11","11.72M","3.50%"
"23/03/2021","3.14","2.90","3.29","2.89","14.16M","-2.18%"
"22/03/2021","3.21","3.39","3.39","3.21","3.71M","-9.83%"
"19/03/2021","3.56","3.66","3.68","3.48","5.72M","-2.73%"
"18/03/2021","3.66","3.69","3.74","3.64","3.00M","-0.81%"
"17/03/2021","3.69","3.78","3.80","3.68","4.89M","-1.34%"
"16/03/2021","3.74","3.79","3.84","3.73","4.05M","-1.06%"
"15/03/2021","3.78","3.77","3.88","3.77","8.71M","2.16%"
"12/03/2021","3.70","3.77","3.81","3.66","5.53M","-1.86%"
"11/03/2021","3.77","3.97","3.98","3.77","6.22M","-3.83%"
"10/03/2021","3.92","3.78","4.01","3.78","13.69M","3.98%"
"09/03/2021","3.77","3.66","3.88","3.66","14.89M","3.29%"
"08/03/2021","3.65","3.67","3.71","3.62","7.15M","0.00%"
"05/03/2021","3.65","3.64","3.67","3.59","4.76M","-0.54%"
"04/03/2021","3.67","3.68","3.75","3.64","4.69M","-0.81%"
"03/03/2021","3.70","3.64","3.78","3.63","8.30M","2.21%"
"02/03/2021","3.62","3.65","3.68","3.59","4.57M","-1.63%"
"01/03/2021","3.68","3.55","3.70","3.51","5.01M","5.75%"
"26/02/2021","3.48","3.47","3.53","3.37","5.23M","-4.13%"
"25/02/2021","3.63","3.68","3.82","3.50","12.11M","0.55%"
"24/02/2021","3.61","3.74","3.81","3.58","8.79M","-4.24%"
"23/02/2021","3.77","3.98","4.00","3.77","9.91M","-4.56%"
"22/02/2021","3.95","4.19","4.22","3.86","19.01M","-5.05%"
"19/02/2021","4.16","4.17","4.29","4.15","14.18M","-1.19%"
"18/02/2021","4.21","4.28","4.28","4.15","20.51M","-2.09%"
"17/02/2021","4.30","3.98","4.33","3.91","58.26M","8.04%"
"16/02/2021","3.98","3.99","4.14","3.84","29.88M","0.25%"
"15/02/2021","3.97","3.82","4.00","3.80","27.71M","4.47%"
"12/02/2021","3.80","3.82","3.82","3.68","6.26M","-0.52%"
"11/02/2021","3.82","3.86","3.91","3.80","7.46M","-0.78%"
"10/02/2021","3.85","3.80","3.89","3.80","7.46M","1.32%"
"09/02/2021","3.80","3.84","3.86","3.79","5.28M","-1.04%"
"08/02/2021","3.84","3.97","3.98","3.81","14.01M","-2.29%"
"05/02/2021","3.93","3.96","3.98","3.92","10.71M","0.26%"
"04/02/2021","3.92","3.98","4.00","3.88","30.59M","-1.01%"
"03/02/2021","3.96","3.93","3.99","3.87","10.19M","1.28%"
"02/02/2021","3.91","4.04","4.06","3.85","17.10M","-2.25%"
"01/02/2021","4.00","3.85","4.14","3.83","28.05M","4.71%"
"29/01/2021","3.82","3.62","3.85","3.59","14.06M","2.96%"
"28/01/2021","3.71","3.57","3.72","3.40","7.44M","2.77%"
"27/01/2021","3.61","3.79","3.88","3.59","11.31M","-4.75%"
"26/01/2021","3.79","3.85","3.85","3.76","8.50M","-1.04%"
"25/01/2021","3.83","3.77","3.86","3.72","14.19M","2.41%"
"22/01/2021","3.74","3.83","3.88","3.69","8.91M","-2.09%"
"21/01/2021","3.82","3.95","3.95","3.82","10.25M","-1.55%"
"20/01/2021","3.88","4.05","4.08","3.87","21.21M","-3.96%"
"19/01/2021","4.04","3.87","4.09","3.80","34.84M","6.04%"
"18/01/2021","3.81","3.77","3.86","3.68","19.74M","1.06%"
"15/01/2021","3.77","3.58","3.79","3.52","21.77M","4.14%"
"14/01/2021","3.62","3.74","3.77","3.59","14.69M","-3.21%"
"13/01/2021","3.74","3.98","4.15","3.68","50.99M","-2.86%"
"12/01/2021","3.85","3.80","3.88","3.70","29.25M","2.39%"
"11/01/2021","3.76","3.68","3.76","3.64","14.27M","1.90%"
"08/01/2021","3.69","3.72","3.77","3.65","20.24M","0.00%"
"07/01/2021","3.69","3.60","3.74","3.57","15.11M","2.50%"
"06/01/2021","3.60","3.65","3.65","3.57","7.41M","-0.28%"
"05/01/2021","3.61","3.77","3.84","3.57","15.73M","-4.50%"
"04/01/2021","3.78","3.90","3.90","3.78","20.13M","0.00%"
"31/12/2020","3.78","3.63","3.83","3.59","37.16M","4.42%"
"30/12/2020","3.62","3.62","3.63","3.59","5.44M","0.28%"
"29/12/2020","3.61","3.65","3.65","3.56","27.96M","-1.10%"
"28/12/2020","3.65","3.67","3.72","3.64","6.39M","0.00%"
"25/12/2020","3.65","3.70","3.73","3.61","7.07M","0.00%"
"24/12/2020","3.65","3.57","3.69","3.47","17.47M","2.82%"
"23/12/2020","3.55","3.52","3.69","3.52","13.42M","1.72%"
"22/12/2020","3.49","3.37","3.55","3.36","11.22M","3.87%"
"21/12/2020","3.36","3.34","3.41","3.24","5.20M","-0.30%"
"18/12/2020","3.37","3.43","3.46","3.37","3.15M","-1.75%"
"17/12/2020","3.43","3.43","3.51","3.41","7.25M","0.29%"
"16/12/2020","3.42","3.47","3.47","3.34","10.57M","2.09%"
"15/12/2020","3.35","3.45","3.47","3.34","4.03M","-2.33%"
"14/12/2020","3.43","3.41","3.51","3.37","10.32M","1.18%"
"11/12/2020","3.39","3.22","3.40","3.20","7.34M","4.95%"
"10/12/2020","3.23","3.23","3.28","3.21","3.13M","0.31%"
"09/12/2020","3.22","3.25","3.32","3.22","2.91M","-0.92%"
"08/12/2020","3.25","3.25","3.37","3.23","4.38M","-1.52%"
"07/12/2020","3.30","3.33","3.38","3.29","4.70M","-2.65%"
"04/12/2020","3.39","3.44","3.46","3.37","5.04M","-1.45%"
"03/12/2020","3.44","3.49","3.54","3.44","6.31M","-1.43%"
"02/12/2020","3.49","3.41","3.52","3.38","6.65M","2.35%"
"01/12/2020","3.41","3.41","3.42","3.32","5.03M","2.71%"
"30/11/2020","3.32","3.45","3.45","3.32","4.61M","-3.77%"
"27/11/2020","3.45","3.51","3.51","3.33","8.76M","-1.15%"
"26/11/2020","3.49","3.57","3.57","3.47","5.86M","-1.69%"
"25/11/2020","3.55","3.67","3.68","3.52","11.75M","-3.53%"
"24/11/2020","3.68","3.73","3.76","3.59","6.11M","-0.81%"
"23/11/2020","3.71","3.85","3.85","3.66","9.89M","-3.89%"
"20/11/2020","3.86","3.75","3.90","3.65","14.10M","3.21%"
"19/11/2020","3.74","3.64","3.74","3.54","8.90M","2.47%"
"18/11/2020","3.65","3.63","3.69","3.49","8.91M","4.89%"
"17/11/2020","3.48","3.68","3.68","3.47","9.80M","-5.18%"
"16/11/2020","3.67","3.81","3.83","3.67","12.23M","-2.65%"
"13/11/2020","3.77","3.72","3.80","3.62","20.67M","3.57%"
"12/11/2020","3.64","3.42","3.75","3.40","49.80M","6.74%"
"11/11/2020","3.41","3.49","3.54","3.39","10.29M","-2.29%"
"10/11/2020","3.49","3.39","3.50","3.36","18.82M","3.87%"
"09/11/2020","3.36","3.43","3.56","3.27","12.13M","-1.18%"
"06/11/2020","3.40","3.36","3.50","3.35","10.56M","-0.29%"
"05/11/2020","3.41","3.45","3.63","3.39","35.96M","2.71%"
"04/11/2020","3.32","3.02","3.32","3.02","18.81M","9.93%"
"03/11/2020","3.02","2.94","3.06","2.94","15.19M","3.07%"
"02/11/2020","2.93","3.00","3.05","2.93","6.72M","-1.68%"
"30/10/2020","2.98","2.92","3.08","2.88","11.02M","1.02%"
"28/10/2020","2.95","3.00","3.10","2.95","7.49M","-2.96%"
"27/10/2020","3.04","2.82","3.08","2.73","16.98M","7.80%"
"26/10/2020","2.82","3.14","3.14","2.82","15.14M","-9.62%"
"23/10/2020","3.12","3.07","3.16","3.05","16.87M","1.63%"
"22/10/2020","3.07","2.97","3.12","2.97","10.70M","3.37%"
"21/10/2020","2.97","3.08","3.14","2.97","11.23M","-2.94%"
"20/10/2020","3.06","3.10","3.17","3.00","14.24M","-0.97%"
"19/10/2020","3.09","2.94","3.14","2.93","20.95M","5.10%"
"16/10/2020","2.94","2.82","2.95","2.82","25.58M","5.00%"
"15/10/2020","2.80","2.83","2.85","2.74","10.37M","-0.71%"
"14/10/2020","2.82","2.88","2.92","2.81","10.80M","-2.08%"
"13/10/2020","2.88","2.79","2.90","2.67","24.24M","3.60%"
"12/10/2020","2.78","2.71","2.85","2.68","17.98M","4.51%"
"09/10/2020","2.66","2.56","2.69","2.56","17.49M","4.31%"
"08/10/2020","2.55","2.50","2.57","2.48","11.33M","2.41%"
"07/10/2020","2.49","2.49","2.53","2.47","6.64M","0.00%"
"06/10/2020","2.49","2.46","2.54","2.46","11.48M","1.63%"
"05/10/2020","2.45","2.45","2.46","2.43","3.08M","0.41%"
"02/10/2020","2.44","2.43","2.47","2.41","2.60M","0.00%"
"01/10/2020","2.44","2.48","2.49","2.43","4.51M","-1.21%"
"30/09/2020","2.47","2.53","2.53","2.47","6.61M","-0.80%"
"29/09/2020","2.49","2.49","2.53","2.44","14.76M","0.40%"
"28/09/2020","2.48","2.43","2.49","2.41","8.28M","2.48%"
"25/09/2020","2.42","2.41","2.45","2.40","4.79M","0.83%"
"24/09/2020","2.40","2.35","2.42","2.34","5.02M","1.69%"
"23/09/2020","2.36","2.36","2.39","2.36","3.99M","0.43%"
"22/09/2020","2.35","2.40","2.42","2.33","5.62M","-1.67%"
"21/09/2020","2.39","2.48","2.50","2.37","6.11M","-3.63%"
"18/09/2020","2.48","2.50","2.55","2.46","12.79M","0.00%"
"17/09/2020","2.48","2.54","2.59","2.48","24.29M","-2.36%"
"16/09/2020","2.54","2.53","2.54","2.50","6.88M","1.60%"
"15/09/2020","2.50","2.53","2.54","2.45","5.17M","-1.19%"
"14/09/2020","2.53","2.51","2.59","2.50","13.31M","1.61%"
"11/09/2020","2.49","2.47","2.52","2.47","8.39M","1.22%"
"10/09/2020","2.46","2.50","2.54","2.45","11.70M","-1.60%"
"09/09/2020","2.50","2.52","2.57","2.49","10.18M","-1.19%"
"08/09/2020","2.53","2.54","2.61","2.46","27.04M","-1.94%"
"07/09/2020","2.58","2.35","2.58","2.34","27.28M","9.79%"
"04/09/2020","2.35","2.37","2.37","2.32","3.23M","0.00%"
"03/09/2020","2.35","2.39","2.43","2.34","9.75M","-0.42%"
"02/09/2020","2.36","2.46","2.46","2.35","7.63M","-2.88%"
"01/09/2020","2.43","2.30","2.45","2.27","11.64M","6.11%"
"31/08/2020","2.29","2.40","2.40","2.28","3.57M","-2.55%"
"28/08/2020","2.35","2.32","2.43","2.32","9.33M","2.17%"
"27/08/2020","2.30","2.27","2.35","2.25","5.26M","2.22%"
"26/08/2020","2.25","2.21","2.30","2.21","3.11M","-0.88%"
"25/08/2020","2.27","2.29","2.33","2.24","2.65M","-0.44%"
"24/08/2020","2.28","2.34","2.35","2.26","2.99M","-2.56%"
"21/08/2020","2.34","2.41","2.41","2.33","3.48M","0.00%"
"20/08/2020","2.34","2.38","2.40","2.33","3.10M","-1.68%"
"19/08/2020","2.38","2.39","2.44","2.34","5.83M","1.71%"
"18/08/2020","2.34","2.29","2.50","2.27","11.71M","2.63%"
"17/08/2020","2.28","2.34","2.35","2.28","3.16M","-2.56%"
"14/08/2020","2.34","2.37","2.39","2.33","2.16M","-1.27%"
"13/08/2020","2.37","2.46","2.50","2.37","5.41M","-2.87%"
"12/08/2020","2.44","2.51","2.52","2.39","3.68M","-2.01%"
"11/08/2020","2.49","2.40","2.51","2.36","5.78M","4.62%"
"10/08/2020","2.38","2.34","2.40","2.23","4.92M","1.71%"
"07/08/2020","2.34","2.22","2.34","2.02","4.44M","4.46%"
"06/08/2020","2.24","2.51","2.54","2.24","5.15M","-10.04%"
"05/08/2020","2.49","2.54","2.57","2.42","3.39M","-0.40%"
"04/08/2020","2.50","2.74","2.74","2.39","5.84M","-6.02%"
"30/07/2020","2.66","2.61","2.72","2.59","2.25M","2.31%"
"29/07/2020","2.60","2.66","2.67","2.53","4.76M","-2.26%"
"28/07/2020","2.66","2.83","2.83","2.66","6.17M","-5.67%"
"27/07/2020","2.82","2.84","2.88","2.82","4.13M","0.00%"
"24/07/2020","2.82","2.84","2.85","2.77","4.70M","-1.74%"
"23/07/2020","2.87","2.89","2.95","2.85","6.18M","0.35%"
"22/07/2020","2.86","2.99","3.02","2.84","10.39M","-3.38%"
"21/07/2020","2.96","3.14","3.23","2.93","23.98M","-2.31%"
"20/07/2020","3.03","2.91","3.04","2.91","18.85M","4.12%"
"17/07/2020","2.91","2.95","3.02","2.89","22.10M","-1.02%"
"16/07/2020","2.94","2.79","2.95","2.79","20.21M","5.76%"
"14/07/2020","2.78","2.80","2.87","2.67","11.40M","-1.42%"
"13/07/2020","2.82","2.66","2.84","2.64","9.52M","6.82%"
"10/07/2020","2.64","2.72","2.72","2.58","7.36M","-2.94%"
"09/07/2020","2.72","2.87","2.89","2.72","9.53M","-5.23%"
"08/07/2020","2.87","2.80","2.88","2.71","19.30M","2.87%"
"07/07/2020","2.79","2.88","2.89","2.76","9.38M","-3.13%"
"06/07/2020","2.88","2.99","2.99","2.85","10.65M","-1.71%"
"03/07/2020","2.93","2.87","2.94","2.86","13.50M","2.81%"
"02/07/2020","2.85","2.72","2.85","2.71","16.68M","5.56%"
"01/07/2020","2.70","2.71","2.76","2.68","11.36M","0.75%"
"30/06/2020","2.68","2.62","2.68","2.62","9.09M","3.08%"
"29/06/2020","2.60","2.65","2.66","2.59","5.88M","-0.76%"
"26/06/2020","2.62","2.61","2.65","2.59","4.19M","1.95%"
"25/06/2020","2.57","2.62","2.62","2.56","3.34M","-1.91%"
"24/06/2020","2.62","2.67","2.68","2.60","4.59M","-1.87%"
"23/06/2020","2.67","2.64","2.72","2.60","7.88M","3.49%"
"22/06/2020","2.58","2.67","2.67","2.58","5.29M","-3.01%"
"19/06/2020","2.66","2.74","2.74","2.64","6.30M","-1.85%"
"18/06/2020","2.71","2.75","2.75","2.70","5.59M","-0.37%"
"17/06/2020","2.72","2.80","2.80","2.69","6.75M","-1.81%"
"16/06/2020","2.77","2.75","2.81","2.71","11.66M","2.97%"
"15/06/2020","2.69","2.80","2.83","2.68","10.79M","-4.27%"
"12/06/2020","2.81","2.72","2.87","2.69","22.65M","2.93%"
"11/06/2020","2.73","2.66","2.78","2.66","14.18M","2.25%"
"10/06/2020","2.67","2.70","2.77","2.65","15.65M","-0.74%"
"09/06/2020","2.69","2.62","2.70","2.56","18.51M","4.67%"
"08/06/2020","2.57","2.51","2.60","2.50","11.96M","3.21%"
"05/06/2020","2.49","2.51","2.54","2.44","7.91M","-0.80%"
"04/06/2020","2.51","2.67","2.70","2.49","17.44M","-5.28%"
"03/06/2020","2.65","2.52","2.72","2.48","34.82M","6.43%"
"02/06/2020","2.49","2.51","2.54","2.45","11.22M","-1.97%"
"01/06/2020","2.54","2.64","2.67","2.54","10.41M","-3.79%"
"29/05/2020","2.64","2.63","2.71","2.52","18.18M","0.38%"
"28/05/2020","2.63","2.98","2.98","2.63","31.41M","-9.93%"
"27/05/2020","2.92","2.88","3.00","2.83","16.44M","2.10%"
"22/05/2020","2.86","2.84","3.01","2.80","21.26M","0.35%"
"21/05/2020","2.85","2.68","2.94","2.64","53.39M","6.34%"
"20/05/2020","2.68","2.54","2.71","2.49","18.49M","5.51%"
"18/05/2020","2.54","2.56","2.61","2.47","15.39M","0.00%"
"15/05/2020","2.54","2.66","2.77","2.52","37.53M","-1.17%"
"14/05/2020","2.57","2.36","2.57","2.31","58.07M","9.83%"
"13/05/2020","2.34","2.26","2.40","2.21","24.16M","4.00%"
"12/05/2020","2.25","2.32","2.34","2.18","16.23M","-3.02%"
"11/05/2020","2.32","2.32","2.39","2.25","15.47M","2.20%"
"08/05/2020","2.27","2.55","2.55","2.26","27.91M","-8.10%"
"07/05/2020","2.47","2.48","2.60","2.41","58.11M","3.78%"
"06/05/2020","2.38","2.18","2.38","2.11","45.87M","10.19%"
"05/05/2020","2.16","2.03","2.16","2.02","37.88M","9.64%"
"04/05/2020","1.97","1.98","2.04","1.96","11.29M","-5.74%"
"30/04/2020","2.09","2.26","2.30","2.01","35.00M","-6.70%"
"29/04/2020","2.24","2.33","2.41","2.21","20.84M","2.28%"
"28/04/2020","2.19","2.11","2.19","2.02","22.19M","10.05%"
"27/04/2020","1.99","1.84","1.99","1.83","19.30M","9.94%"
"24/04/2020","1.81","1.80","1.87","1.78","21.38M","0.56%"
"22/04/2020","1.80","1.74","1.86","1.73","37.81M","4.05%"
"21/04/2020","1.73","1.72","1.79","1.68","22.18M","0.58%"
"20/04/2020","1.72","1.68","1.73","1.66","20.66M","4.88%"
"17/04/2020","1.64","1.64","1.67","1.61","11.67M","2.50%"
"16/04/2020","1.60","1.62","1.68","1.57","12.63M","-0.62%"
"15/04/2020","1.61","1.63","1.65","1.50","9.17M","-1.83%"
"14/04/2020","1.64","1.69","1.71","1.62","9.06M","-1.80%"
"13/04/2020","1.67","1.60","1.71","1.56","15.21M","3.73%"
"10/04/2020","1.61","1.53","1.67","1.48","28.68M","5.92%"
"09/04/2020","1.52","1.47","1.55","1.47","20.64M","4.83%"
"08/04/2020","1.45","1.43","1.47","1.39","8.43M","1.40%"
"07/04/2020","1.43","1.41","1.50","1.41","23.04M","2.14%"
"06/04/2020","1.40","1.38","1.42","1.37","11.18M","2.94%"
"03/04/2020","1.36","1.42","1.42","1.35","11.61M","-2.86%"
"02/04/2020","1.40","1.35","1.46","1.29","26.52M","5.26%"
"01/04/2020","1.33","1.31","1.37","1.30","8.48M","0.00%"
"31/03/2020","1.33","1.31","1.36","1.31","5.42M","3.10%"
"30/03/2020","1.29","1.29","1.32","1.27","3.13M","-2.27%"
"27/03/2020","1.32","1.39","1.41","1.31","8.90M","-5.04%"
"26/03/2020","1.39","1.34","1.42","1.33","10.86M","3.73%"
"25/03/2020","1.34","1.34","1.41","1.30","13.80M","3.08%"
"24/03/2020","1.30","1.24","1.31","1.21","11.60M","9.24%"
"23/03/2020","1.19","1.15","1.25","1.14","9.28M","-0.83%"
"20/03/2020","1.20","1.22","1.25","1.17","6.13M","0.00%"
"19/03/2020","1.20","1.23","1.25","1.18","4.29M","-2.44%"
"18/03/2020","1.23","1.15","1.25","1.14","8.52M","6.03%"
"17/03/2020","1.16","1.12","1.21","1.02","7.58M","5.45%"
"16/03/2020","1.10","1.12","1.15","1.07","3.93M","-5.98%"
"13/03/2020","1.17","1.07","1.17","1.01","5.72M","10.38%"
"12/03/2020","1.06","1.23","1.24","1.06","6.07M","-16.54%"
"11/03/2020","1.27","1.28","1.38","1.21","6.96M","-0.78%"
"10/03/2020","1.28","1.49","1.49","1.27","5.14M","-10.49%"
"09/03/2020","1.43","1.57","1.58","1.39","5.53M","-11.18%"
"06/03/2020","1.61","1.66","1.67","1.58","4.04M","-3.01%"
"05/03/2020","1.66","1.66","1.71","1.64","4.98M","1.84%"
"04/03/2020","1.63","1.62","1.72","1.59","9.71M","0.62%"
"03/03/2020","1.62","1.59","1.63","1.58","13.23M","3.85%"
"02/03/2020","1.56","1.55","1.61","1.51","10.01M","3.31%"
"28/02/2020","1.51","1.35","1.58","1.35","12.24M","-7.36%"
"27/02/2020","1.63","1.69","1.72","1.63","10.06M","-5.23%"
"26/02/2020","1.72","1.73","1.76","1.69","17.20M","-0.58%"
"25/02/2020","1.73","1.70","1.80","1.69","16.17M","2.98%"
"24/02/2020","1.68","1.65","1.70","1.63","5.12M","-0.59%"
"21/02/2020","1.69","1.63","1.71","1.60","8.46M","3.05%"
"20/02/2020","1.64","1.74","1.74","1.62","9.19M","-5.75%"
"19/02/2020","1.74","1.82","1.84","1.72","8.93M","-3.87%"
"18/02/2020","1.81","1.84","1.84","1.80","8.33M","-2.16%"
"17/02/2020","1.85","1.90","1.91","1.82","8.05M","-2.12%"
"14/02/2020","1.89","1.96","1.97","1.86","12.21M","-3.57%"
"13/02/2020","1.96","2.00","2.04","1.92","22.97M","2.08%"
"12/02/2020","1.92","1.80","1.97","1.79","32.87M","7.26%"
"11/02/2020","1.79","1.78","1.80","1.73","7.72M","2.87%"
"10/02/2020","1.74","1.81","1.84","1.67","12.26M","-3.87%"
"07/02/2020","1.81","1.82","1.82","1.77","5.35M","0.56%"
"06/02/2020","1.80","1.85","1.86","1.79","11.43M","-2.17%"
"05/02/2020","1.84","1.72","1.84","1.72","18.51M","6.98%"
"04/02/2020","1.72","1.76","1.76","1.67","8.25M","-1.15%"
"03/02/2020","1.74","1.76","1.77","1.73","5.02M","-1.14%"
"31/01/2020","1.76","1.79","1.80","1.70","10.07M","1.15%"
"30/01/2020","1.74","1.67","1.79","1.56","21.99M","4.19%"
"29/01/2020","1.67","1.92","1.93","1.66","15.62M","-11.64%"
"28/01/2020","1.89","1.81","1.99","1.78","48.55M","6.18%"
"27/01/2020","1.78","1.63","1.84","1.61","35.74M","8.54%"
"24/01/2020","1.64","1.65","1.68","1.62","19.50M","0.00%"
"23/01/2020","1.64","1.54","1.71","1.54","61.45M","7.19%"
"22/01/2020","1.53","1.52","1.54","1.51","15.73M","1.32%"
"21/01/2020","1.51","1.51","1.53","1.50","15.17M","0.00%"
"20/01/2020","1.51","1.54","1.55","1.51","16.54M","-1.31%"
"17/01/2020","1.53","1.50","1.53","1.49","18.61M","2.68%"
"16/01/2020","1.49","1.45","1.56","1.43","54.72M","2.76%"
"15/01/2020","1.45","1.35","1.48","1.34","53.90M","7.41%"
"14/01/2020","1.35","1.35","1.36","1.33","14.76M","0.75%"
"13/01/2020","1.34","1.35","1.39","1.33","36.34M","0.00%"
"10/01/2020","1.34","1.32","1.36","1.31","28.12M","1.52%"
"09/01/2020","1.32","1.29","1.32","1.28","12.95M","4.76%"
"08/01/2020","1.26","1.25","1.27","1.24","5.46M","-0.79%"
"07/01/2020","1.27","1.24","1.29","1.23","22.22M","4.10%"
"06/01/2020","1.22","1.25","1.26","1.21","6.38M","-3.94%"
"03/01/2020","1.27","1.29","1.30","1.24","7.93M","-2.31%"
"02/01/2020","1.30","1.28","1.31","1.27","7.15M","1.56%"
"31/12/2019","1.28","1.31","1.31","1.28","5.31M","-2.29%"
"30/12/2019","1.31","1.32","1.33","1.29","7.88M","0.00%"
"27/12/2019","1.31","1.33","1.35","1.31","9.34M","-0.76%"
"26/12/2019","1.32","1.34","1.36","1.31","26.17M","-1.49%"
"25/12/2019","1.34","1.28","1.39","1.27","83.42M","5.51%"
"24/12/2019","1.27","1.27","1.30","1.25","19.53M","0.79%"
"23/12/2019","1.26","1.25","1.29","1.23","12.13M","0.80%"
"20/12/2019","1.25","1.29","1.30","1.25","10.33M","-2.34%"
"19/12/2019","1.28","1.24","1.32","1.23","40.11M","4.07%"
"18/12/2019","1.23","1.25","1.25","1.21","8.54M","-2.38%"
"17/12/2019","1.26","1.27","1.29","1.25","16.25M","-0.79%"
"16/12/2019","1.27","1.30","1.34","1.26","26.46M","-1.55%"
"13/12/2019","1.29","1.27","1.36","1.23","82.07M","1.57%"
"12/12/2019","1.27","1.34","1.34","1.22","62.84M","-4.51%"
"11/12/2019","1.33","1.32","1.40","1.26","188.01M","6.40%"
"10/12/2019","1.25","1.04","1.25","1.01","133.69M","20.19%"
"09/12/2019","1.04","1.04","1.04","1.04","49.35M","19.54%"